Time,Open,High,Low,Close,Volume,Ticker,Change,upper_band,lower_band
2020-09-24,27240,27240,27240,27240,2010,ASG,0.0,0.0,0.0
2020-09-25,29140,29140,29140,29140,4260,ASG,0.06975036710719529,0.0,0.0
2020-09-28,31140,31140,31140,31140,91910,ASG,0.06863417982155107,0.0,0.0
2020-09-29,33300,33300,33300,33300,152000,ASG,0.06936416184971095,0.0,0.0
2020-09-30,35610,35610,35610,35610,86000,ASG,0.06936936936936933,0.0,0.0
2020-10-01,38070,38070,37840,38070,137410,ASG,0.06908171861836565,0.0,0.0
2020-10-02,40710,40710,40110,40710,195430,ASG,0.06934594168636732,0.0,0.0
2020-10-05,38290,40640,37910,37910,78970,ASG,-0.06877916973716536,0.0,0.0
2020-10-06,35270,35270,35270,35270,24970,ASG,-0.0696386177789502,0.0,0.0
2020-10-07,32810,32810,32810,32810,18770,ASG,-0.0697476609016161,0.0,0.0
2020-10-08,30540,34960,30540,33300,181260,ASG,0.014934471197805443,0.0,0.0
2020-10-09,33300,33300,31560,32540,32000,ASG,-0.022822822822822775,0.0,0.0
2020-10-12,30570,32090,30570,31260,24370,ASG,-0.039336201598033194,0.0,0.0
2020-10-13,31710,31780,30350,30730,27690,ASG,-0.01695457453614846,0.0,0.0
2020-10-14,30730,31030,29890,30880,33750,ASG,0.004881223560039061,0.0,0.0
2020-10-15,30270,30880,29740,30730,53710,ASG,-0.004857512953367893,0.0,0.0
2020-10-16,30040,30880,30040,30880,16690,ASG,0.004881223560039061,0.0,0.0
2020-10-19,31030,31030,30120,30880,18310,ASG,0.0,0.0,0.0
2020-10-20,30800,30950,30270,30950,14390,ASG,0.00226683937823835,0.0,0.0
2020-10-21,30380,30650,28910,28910,45310,ASG,-0.06591276252019385,0.0,0.0
2020-10-22,28760,29890,28760,29440,18330,ASG,0.018332756831546115,39030.06302489518,26415.936975104818
2020-10-23,29820,30200,29510,29510,7420,ASG,0.0023777173913044347,39008.45867227477,26474.54132772523
2020-10-26,29510,29890,28980,28980,10150,ASG,-0.017960013554727206,39079.035741891435,26187.964258108565
2020-10-27,28980,29060,28610,29060,13570,ASG,0.002760524499654915,39041.94492462553,25801.05507537447
2020-10-28,29060,29060,27620,27620,16330,ASG,-0.049552649690295936,38787.3132965148,25256.686703485197
2020-10-29,26870,28150,26640,27850,21600,ASG,0.008327299058653148,37905.56300305189,25116.436996948112
2020-10-30,28110,28270,27240,27240,4960,ASG,-0.021903052064631945,35916.86954749308,25758.130452506924
2020-11-02,27020,28000,27020,27400,9800,ASG,0.005873715124816492,34441.72444601332,26182.275553986678
2020-11-03,27470,27930,27470,27620,3390,ASG,0.008029197080291928,33535.38671480401,26323.613285195992
2020-11-04,28000,28000,27620,27620,4900,ASG,0.0,33154.301938695906,26185.698061304094
2020-11-05,27620,27930,27550,27770,6410,ASG,0.005430847212165135,32543.289040554948,26243.710959445052
2020-11-06,28000,28000,27960,28000,1780,ASG,0.008282319049333742,32016.645785745015,26316.354214254985
2020-11-09,28080,28150,26870,26870,23670,ASG,-0.04035714285714287,31794.60320269522,26099.39679730478
2020-11-10,28270,28270,26870,27850,14890,ASG,0.036471901749162594,31565.383753210273,26040.616246789727
2020-11-11,27850,27850,27470,27620,4610,ASG,-0.008258527827648132,31274.6916328102,26005.3083671898
2020-11-12,27400,27850,27240,27620,22210,ASG,0.0,30970.32762877881,25998.67237122119
2020-11-13,27620,27620,27020,27090,21520,ASG,-0.019188993482983308,30592.159115081082,25997.840884918918
2020-11-16,26640,27090,26640,27090,26620,ASG,0.0,30127.197059403337,26083.802940596663
2020-11-17,27620,27620,26870,26870,8720,ASG,-0.00812107788851979,29516.384206375213,26286.615793624787
2020-11-18,27620,27620,27020,27240,7050,ASG,0.013770003721622626,29387.733735383204,26248.266264616796
2020-11-19,27240,27240,26870,27170,10150,ASG,-0.0025697503671071598,29108.18764331674,26300.81235668326
2020-11-20,26870,27240,26870,27090,6270,ASG,-0.002944423997055523,28739.06522966041,26427.93477033959
2020-11-23,27090,27240,26870,26870,17290,ASG,-0.00812107788851979,28479.291166444666,26476.708833555334
2020-11-24,27170,27240,26940,27240,20870,ASG,0.013770003721622626,28079.99639248709,26694.00360751291
2020-11-25,27240,27240,26870,27240,18240,ASG,0.0,28055.214668062403,26680.785331937597
2020-11-26,26870,27170,26790,26940,13970,ASG,-0.011013215859030812,27996.410231410773,26648.589768589227
2020-11-27,26940,27090,26830,27020,3660,ASG,0.0029695619896066283,27997.510932857575,26625.489067142425
2020-11-30,27020,27280,26940,27020,22420,ASG,0.0,27988.628580077075,26596.371419922925
2020-12-01,27210,27700,27020,27320,20050,ASG,0.011102886750555152,27957.496323519565,26597.503676480435
2020-12-02,27360,27700,27360,27620,12880,ASG,0.010980966325036645,27957.496323519565,26597.503676480435
2020-12-03,28380,29550,28300,29550,29660,ASG,0.06987690079652431,28556.059162042864,26176.940837957136
2020-12-04,31410,31410,29890,29890,31430,ASG,0.011505922165820692,29064.956358508585,25857.043641491415
2020-12-07,29890,30270,28760,29140,6030,ASG,-0.02509200401472067,29310.904042842598,25838.095957157402
2020-12-08,29140,29890,28610,28610,6820,ASG,-0.01818805765271103,29403.755146538348,25821.244853461652
2020-12-09,30270,30270,28000,28150,15570,ASG,-0.016078294302691365,29445.531483257382,25832.468516742618
2020-12-10,28080,28760,28080,28680,7660,ASG,0.0188277087033748,29554.520872366298,25829.479127633702
2020-12-11,28000,28760,28000,28080,5730,ASG,-0.02092050209205021,29589.96179295113,25893.03820704887
2020-12-14,28230,28910,28000,28150,10680,ASG,0.00249287749287741,29625.90902039935,25963.09097960065
2020-12-15,28150,28980,28150,28230,13480,ASG,0.002841918294848922,29652.068383717175,26072.931616282825
2020-12-16,28760,29510,28300,28300,37240,ASG,0.0024796315975912364,29690.9151627155,26140.0848372845
2020-12-17,28380,28910,28230,28380,33210,ASG,0.002826855123674976,29727.986301316338,26224.013698683662
2020-12-18,28760,29210,28380,28530,23940,ASG,0.005285412262156397,29766.45977549668,26329.54022450332
2020-12-21,28530,28760,28380,28530,14200,ASG,0.0,29772.485912214936,26489.514087785064
2020-12-22,28680,29890,28680,29740,39180,ASG,0.042411496670171855,29985.44384123917,26526.55615876083
2020-12-23,30270,30270,29360,29890,12320,ASG,0.00504371217215871,30190.80158408633,26586.19841591367
2020-12-24,29890,31940,28380,31940,41340,ASG,0.06858481097356983,30897.103772245162,26379.896227754838
2020-12-25,30270,32009,30270,31710,92280,ASG,-0.00720100187852224,31371.848534825607,26374.151465174393
2020-12-28,31780,31780,29890,31030,13370,ASG,-0.02144433932513401,31588.90275105202,26558.09724894798
2020-12-29,30950,31480,30270,31030,16380,ASG,0.0,31776.98252575352,26741.01747424648
2020-12-30,30270,30650,29890,29890,3090,ASG,-0.03673864002578153,31787.261893023835,26957.738106976165
2020-12-31,29890,30270,29140,29890,7250,ASG,0.0,31813.789380416467,26965.210619583533
2021-01-04,29890,29890,29510,29510,15200,ASG,-0.01271328203412514,31784.736732385634,26956.263267614366
2021-01-05,29510,29820,28980,29140,9200,ASG,-0.012538122670281315,31784.736732385634,26956.263267614366
2021-01-06,29140,29440,29060,29060,6900,ASG,-0.0027453671928620027,31786.767741448628,26999.232258551372
2021-01-07,29140,29140,28830,28910,11100,ASG,-0.005161734342739144,31768.09135465434,27093.90864534566
2021-01-08,28910,29140,28610,28680,33500,ASG,-0.00795572466274641,31768.09135465434,27093.90864534566
2021-01-11,28680,28910,28300,28300,29600,ASG,-0.01324965132496514,31755.504700665217,27128.495299334783
2021-01-12,28300,29510,28300,29510,24600,ASG,0.04275618374558299,31746.26474282453,27273.73525717547
2021-01-13,29140,29290,29060,29210,31400,ASG,-0.01016604540833621,31722.699609465246,27395.300390534754
2021-01-14,29250,29290,29060,29060,8100,ASG,-0.005135227661759667,31696.667592739395,27497.332407260605
2021-01-15,29060,29290,29060,29060,5100,ASG,0.0,31671.939979519255,27590.060020480745
2021-01-18,29060,29140,28460,28680,53900,ASG,-0.013076393668272512,31664.247022705465,27612.752977294535
2021-01-19,28760,28760,28000,28150,37900,ASG,-0.018479776847977636,31693.04262073391,27545.95737926609
2021-01-20,28150,28150,27930,28000,5500,ASG,-0.005328596802841923,31721.32502726921,27343.67497273079
2021-01-21,29140,29140,28000,28910,600,ASG,0.03249999999999997,31681.974698512597,27285.025301487403
2021-01-22,28910,28910,28080,28230,7200,ASG,-0.02352127291594608,31248.13435434589,27347.86564565411
2021-01-25,28000,28300,27850,27850,29700,ASG,-0.013460857244066649,30810.819451172974,27399.180548827026
2021-01-26,28300,28680,27930,27930,7500,ASG,0.0028725314183124517,30482.553424843674,27417.446575156326
2021-01-27,27850,27930,27470,27470,16100,ASG,-0.016469745793054047,30111.695487788205,27432.304512211795
2021-01-28,27240,27930,25580,25650,20600,ASG,-0.06625409537677462,30380.549367636067,26739.450632363933
2021-01-29,25650,27430,25650,27400,1700,ASG,0.06822612085769975,30215.314316157754,26655.685683842246
2021-02-01,27400,27400,26490,26870,5500,ASG,-0.019343065693430694,30135.791188648815,26471.208811351185
2021-02-02,26530,26870,26340,26870,7100,ASG,0.0,30081.242977515078,26298.757022484922
2021-02-03,26640,26640,26410,26410,7200,ASG,-0.017119464086341685,30054.716813468207,26060.283186531793
2021-02-04,26410,26490,26410,26410,8200,ASG,0.0,30011.892940259273,25853.107059740727
2021-02-05,26410,26410,26410,26410,0,ASG,0.0,29969.394382433165,25668.605617566835
2021-02-08,26410,26410,26180,26180,1600,ASG,-0.00870882241575166,29964.72023128987,25461.27976871013
2021-02-09,26180,27240,26180,27240,1600,ASG,0.04048892284186412,29701.3132647788,25497.6867352212
2021-02-17,26560,27930,26560,26560,4500,ASG,-0.02496328928046987,29478.159864356912,25455.840135643088
2021-02-18,26560,27320,26560,27320,4000,ASG,0.028614457831325213,29253.840975109713,25506.159024890287
2021-02-19,26940,27550,26940,27550,11600,ASG,0.008418740849194695,29016.15972085579,25592.84027914421
2021-02-22,27240,27550,27240,27320,6700,ASG,-0.008348457350272231,28828.01845732311,25644.98154267689
2021-02-23,27320,27470,26870,26870,1600,ASG,-0.016471449487554857,28714.094953287058,25630.905046712942
2021-02-24,27020,27400,26870,26900,2300,ASG,0.0011164867882396123,28614.93614221112,25620.06385778888
2021-02-25,26870,27240,26750,26750,1000,ASG,-0.005576208178438624,28266.5039777185,25752.4960222815
2021-02-26,26750,26750,26750,26750,1300,ASG,0.0,28064.08273954555,25806.91726045445
2021-03-01,26560,26870,26560,26640,2500,ASG,-0.00411214953271033,27928.214128275984,25821.785871724016
2021-03-02,26870,27240,26640,27020,9500,ASG,0.014264264264264304,27768.956757919244,25890.043242080756
2021-03-03,28680,28680,27090,27770,6300,ASG,0.02775721687638777,27832.699878567153,25856.300121432847
2021-03-04,28380,28380,27620,27770,3600,ASG,0.0,27854.678632793395,26046.321367206605
2021-03-05,27770,27850,27700,27770,6300,ASG,0.0,27922.97903540913,26015.02096459087
2021-03-08,28000,28760,28000,28150,6900,ASG,0.013683831472812491,28114.981515553816,25951.018484446184
2021-03-09,28150,28380,28000,28380,4200,ASG,0.008170515097690956,28335.46821474728,25881.53178525272
2021-03-10,28080,28380,28080,28080,1100,ASG,-0.010570824524312905,28444.49510977094,25939.50489022906
2021-03-11,27850,28000,27850,27960,19500,ASG,-0.004273504273504258,28510.620058656747,26028.379941343253
2021-03-12,27960,28000,27240,27240,24200,ASG,-0.025751072961373356,28488.249336377015,26133.750663622985
2021-03-15,28610,28610,27470,27470,3200,ASG,0.008443465491923652,28433.0911308252,26317.9088691748
2021-03-16,27470,27470,27470,27470,3500,ASG,0.0,28443.4487682799,26330.5512317201
2021-03-17,27470,27470,27240,27320,2400,ASG,-0.0054605023662176455,28412.127144799553,26437.872855200447
2021-03-18,27320,27320,27170,27170,800,ASG,-0.005490483162518323,28409.969143097216,26425.030856902784
2021-03-19,27240,27320,27240,27240,3300,ASG,0.0025763709974235827,28395.39015497443,26408.60984502557
2021-03-22,27240,27320,27240,27320,4000,ASG,0.002936857562408246,28395.39015497443,26408.60984502557
2021-03-23,27400,28230,27320,28080,10300,ASG,0.027818448023426035,28466.250466998707,26458.749533001293
2021-03-24,28000,28000,27620,27620,1100,ASG,-0.01638176638176636,28470.102284888275,26526.897715111725
2021-03-25,27240,28000,27170,27700,2100,ASG,0.002896451846488013,28457.622728983937,26634.377271016063
2021-03-26,27240,27700,26940,26940,2000,ASG,-0.027436823104693087,28437.213672345006,26673.786327654994
2021-03-29,28190,28190,27090,27620,17300,ASG,0.025241276911655453,28379.754151875444,26829.245848124556
2021-03-30,27320,27320,26870,26870,18800,ASG,-0.027154236060825454,28397.22746766161,26796.77253233839
2021-03-31,26870,27620,26870,26940,600,ASG,0.002605135839225836,28400.378097715948,26710.621902284052
2021-04-01,27620,27620,26940,27470,3200,ASG,0.019673348181143302,28380.249367371074,26700.750632628926
2021-04-02,27470,27620,27240,27240,3100,ASG,-0.00837277029486716,28356.553262411417,26671.446737588583
2021-04-05,27090,27320,27020,27320,14700,ASG,0.002936857562408246,28265.995431618936,26679.004568381064
2021-04-06,27170,27240,27130,27130,20100,ASG,-0.006954612005856564,28097.57545040535,26722.42454959465
2021-04-07,27170,27170,27170,27170,2900,ASG,0.0014743826022853845,27985.965204174878,26743.034795825122
2021-04-08,27090,27400,27090,27400,3900,ASG,0.00846521899153485,27895.437384686447,26777.562615313553
2021-04-09,27090,27240,27090,27240,5400,ASG,-0.005839416058394109,27895.437384686447,26777.562615313553
2021-04-12,27240,27240,27020,27170,11500,ASG,-0.0025697503671071598,27881.40267011341,26761.59732988659
2021-04-13,27170,27170,26900,26940,6000,ASG,-0.00846521899153474,27874.12002210261,26715.87997789739
2021-04-14,26940,27240,26940,27020,1600,ASG,0.0029695619896066283,27871.168334740727,26688.831665259273
2021-04-15,27170,27170,26640,26940,1700,ASG,-0.002960769800148033,27876.489309116638,26660.510690883362
2021-04-16,26790,26940,26640,26710,4200,ASG,-0.008537490720118779,27897.02977031592,26586.97022968408
2021-04-19,26710,26710,26640,26640,400,ASG,-0.0026207412953950238,27912.062497226012,26503.937502773988
2021-04-20,26490,26490,25880,26490,4700,ASG,-0.005630630630630629,27777.692575435154,26479.307424564846
2021-04-22,26490,26490,25730,26410,500,ASG,-0.003020007550018855,27747.517475860725,26388.482524139275
2021-04-23,26410,26490,25960,26180,9200,ASG,-0.00870882241575166,27710.654297976525,26273.345702023475
2021-04-26,26490,26490,26110,26110,8000,ASG,-0.002673796791443861,27765.741681957035,26135.258318042965
2021-04-27,26180,26560,26180,26180,21100,ASG,0.002680965147453085,27698.84809684678,26058.15190315322
2021-04-28,26180,26940,26180,26640,29100,ASG,0.017570664629488197,27693.92442218146,26040.07557781854
2021-04-29,26560,26940,26560,26710,36100,ASG,0.0026276276276275823,27684.43847781373,26026.56152218627
2021-05-07,24520,26790,24520,26790,31200,ASG,0.0029951329090227574,27601.147997496395,26041.852002503605
2021-05-10,26710,27240,26710,27240,50610,ASG,0.016797312430011146,27601.147997496395,26041.852002503605
2021-05-11,27320,27850,27240,27850,32030,ASG,0.02239353891336271,27723.73055216781,25972.26944783219
2021-05-12,27930,28080,27850,28080,30393,ASG,0.008258527827648132,27918.016014544584,25872.983985455416
2021-05-13,28080,28150,27240,28000,32221,ASG,-0.002849002849002802,28062.861447958912,25811.138552041088
2021-05-14,27850,29510,27850,29510,54069,ASG,0.053928571428571326,28624.97748799158,25460.02251200842
2021-05-17,29210,29510,28980,29360,31900,ASG,-0.00508302270416805,29026.171696543388,25270.828303456612
2021-05-18,29360,29360,28760,29210,33031,ASG,-0.005108991825613085,29332.301863770932,25168.698136229068
2021-05-19,29210,29440,29140,29440,30320,ASG,0.007874015748031482,29658.239363133715,25092.760636866285
2021-05-20,29360,29360,28300,29060,31053,ASG,-0.012907608695652217,29867.37761192914,25087.62238807086
2021-05-21,29210,29440,28000,28760,30383,ASG,-0.010323468685478288,30007.67424551837,25129.32575448163
2021-05-24,28830,28980,27850,28760,30500,ASG,0.0,30129.47025607391,25212.52974392609
2021-05-25,28760,28980,28000,28760,34570,ASG,0.0,30231.327606494313,25322.672393505687
2021-05-26,28150,28680,28150,28610,34400,ASG,-0.005215577190542442,30288.46960072251,25477.53039927749
2021-05-27,28380,29210,28230,28610,30110,ASG,0.0,30318.86414048631,25667.13585951369
2021-05-28,28830,28980,28080,28680,30835,ASG,0.0024466969591052656,30305.268616334102,25930.731383665898
2021-05-31,28760,28980,28000,28610,30795,ASG,-0.0024407252440725724,30233.890253128007,26252.109746871993
2021-06-01,28080,28680,28000,28680,31322,ASG,0.0024466969591052656,30125.311583072307,26610.688416927693
2021-06-02,28830,28980,28380,28760,27700,ASG,0.002789400278939924,30047.764912558447,26900.235087441553
2021-06-03,28460,29590,27930,29590,61230,ASG,0.028859527121001483,30039.45840600423,27196.54159399577
2021-06-04,29510,29740,28610,29740,39000,ASG,0.005069280162216971,29997.157013945067,27533.842986054933
2021-06-07,29740,29890,28980,29740,22270,ASG,0.0,29976.30799407634,27804.69200592366
2021-06-08,29740,29890,28760,29510,30200,ASG,-0.007733691997309999,29979.308629909327,27967.691370090673
2021-06-09,29740,29740,29140,29510,23400,ASG,0.0,29987.92099350904,28102.07900649096
2021-06-10,29510,29510,28980,29510,32730,ASG,0.0,29951.847701025312,28289.152298974688
2021-06-11,29740,29740,29060,29590,26000,ASG,0.002710945442222945,29964.034990336957,28284.965009663043
2021-06-14,29360,29440,28380,29440,21700,ASG,-0.005069280162216971,29973.231318230875,28283.768681769125
2021-06-15,29440,29670,29210,29510,40501,ASG,0.0023777173913044347,30003.994625201154,28283.005374798846
2021-06-16,29510,29510,28380,29510,31500,ASG,0.0,30012.842941878072,28281.157058121928
2021-06-17,29510,29590,28380,29510,32747,ASG,0.0,30048.41922268208,28290.58077731792
2021-06-18,28080,29510,27930,29510,28740,ASG,0.0,30076.783881202722,28337.216118797278
2021-06-21,29140,29440,28380,29440,32200,ASG,-0.0023720772619451047,30091.17409981725,28390.82590018275
2021-06-22,28380,29590,28380,29440,39820,ASG,0.0,30099.511976868784,28450.488023131216
2021-06-23,29510,29590,28380,29210,23830,ASG,-0.0078125,30072.21574540677,28537.78425459323
2021-06-24,29360,29510,28760,29290,30300,ASG,0.002738788086271926,30037.16616933225,28640.83383066775
2021-06-25,29510,29510,28680,29210,20400,ASG,-0.0027313076135199177,29998.823771857704,28732.176228142296
2021-06-28,29440,29510,28830,29360,36400,ASG,0.005135227661759778,29933.399849170477,28872.600150829523
2021-06-29,29360,29440,28760,29210,28760,ASG,-0.005108991825613085,29855.433093337517,29003.566906662483
2021-06-30,28760,29210,28760,29210,31936,ASG,0.0,29767.252279928416,29136.747720071584
2021-07-01,28760,29510,28760,29510,37173,ASG,0.010270455323519334,29758.135454277748,29137.864545722252
2021-07-02,29510,29510,28830,29360,30430,ASG,-0.00508302270416805,29710.488898537875,29147.511101462125
2021-07-05,28830,29290,28760,29290,25150,ASG,-0.0023841961852860694,29654.95723978195,29158.04276021805
2021-07-06,28830,28980,28760,28910,34920,ASG,-0.012973711164219859,29700.985746990627,29052.014253009373
2021-07-07,29000,29450,28730,28820,8700,ASG,-0.0031131096506399336,29740.627645805038,28943.372354194962
2021-07-08,28910,28910,27730,28000,3046,ASG,-0.0284524635669674,29966.964845656134,28566.035154343866
2021-07-09,28000,28000,28000,28000,200,ASG,0.0,30061.782258622152,28312.217741377848
2021-07-12,28090,28090,25450,25640,5724,ASG,-0.0842857142857143,30764.564425982848,27229.435574017152
2021-07-13,24550,25550,24550,25450,3400,ASG,-0.007410296411856421,31122.745585073666,26465.254414926334
2021-07-14,25910,25910,24640,25090,3400,ASG,-0.01414538310412572,31378.188763702023,25767.811236297977
2021-07-15,25640,25640,24820,24820,2100,ASG,-0.010761259465922657,31546.385752329734,25130.614247670266
2021-07-16,25550,25550,24910,24910,600,ASG,0.003626107977437565,31594.95536325938,24622.04463674062
2021-07-19,24550,24910,24450,24450,3500,ASG,-0.018466479325572105,31631.097029504956,24086.902970495044
2021-07-20,24450,24450,24450,24450,2000,ASG,0.0,31584.93192621885,23634.06807378115
2021-07-21,24090,24450,24090,24450,2000,ASG,0.0,31502.07514155113,23240.92485844887
2021-07-22,24550,24550,24360,24360,2600,ASG,-0.0036809815950920033,31355.40187216299,22894.59812783701
2021-07-23,24550,24640,24550,24640,4200,ASG,0.011494252873563315,31145.388207519718,22647.611792480282
2021-07-26,24640,24730,24550,24550,2800,ASG,-0.0036525974025973795,30864.222427581524,22447.777572418476
2021-07-27,25000,25000,24640,24640,1300,ASG,0.0036659877800406804,30551.642941266724,22303.357058733276
2021-07-28,26180,26180,24730,24730,2800,ASG,0.0036525974025973795,30182.908373112787,22224.091626887213
2021-07-29,24730,24730,24730,24730,900,ASG,0.0,29686.711573782468,22242.288426217532
2021-07-30,24730,24730,24730,24730,2400,ASG,0.0,29144.65707538143,22321.34292461857
2021-08-02,22270,25450,22270,25360,2600,ASG,0.025475131419328667,28533.55371990563,22539.44628009437
2021-08-03,25180,26180,24820,24820,1300,ASG,-0.021293375394321745,27909.134843193147,22754.865156806853
2021-08-04,24910,25000,24820,24820,9100,ASG,0.0,27157.0491352064,23106.9508647936
2021-08-05,24820,25000,24550,25000,16900,ASG,0.00725221595487513,26521.228378116837,23442.771621883163
2021-08-06,24910,25090,24730,25000,25400,ASG,0.0,25508.479120150943,24155.520879849057
2021-08-09,24820,25090,24730,25000,34400,ASG,0.0,25373.23642591883,24226.76357408117
2021-08-10,25360,25730,25360,25450,32600,ASG,0.018000000000000016,25373.23642591883,24226.76357408117
2021-08-11,25820,27640,25640,27550,30600,ASG,0.0825147347740669,26251.067769355235,23594.932230644765
2021-08-12,28180,28180,26640,27090,31100,ASG,-0.016696914700544463,26664.164277423384,23408.835722576616
2021-08-13,26820,26910,26550,26550,33300,ASG,-0.019933554817275767,26872.732310727453,23364.267689272547
2021-08-16,26550,26550,25820,26550,33700,ASG,0.0,27054.80854855215,23392.19145144785
2021-08-17,26000,26360,25910,26360,25300,ASG,-0.007156308851224091,27177.998655190524,23460.001344809476
2021-08-18,26180,26820,25910,26820,37800,ASG,0.017450682852807375,27360.849942158256,23514.150057841744
2021-08-19,26360,26730,26180,26730,32100,ASG,-0.003355704697986628,27491.204381971107,23620.795618028893
2021-08-20,26360,26360,25910,26000,24800,ASG,-0.02731013842124952,27520.875325370693,23727.124674629307
2021-08-23,26360,26360,24820,25090,25600,ASG,-0.03500000000000003,27500.74484726953,23801.25515273047
2021-08-24,25180,25450,25000,25000,41100,ASG,-0.0035870864886409226,27485.754248653397,23852.245751346603
2021-08-25,25180,25270,24910,24910,30100,ASG,-0.0036000000000000476,27477.76220651512,23878.23779348488
2021-08-26,25000,26360,24820,24820,33800,ASG,-0.0036130068245684432,27473.18562288308,23891.81437711692
2021-08-27,24450,25000,24270,24820,23600,ASG,0.0,27468.517330816674,23905.482669183326
2021-08-30,25000,25360,25000,25270,29900,ASG,0.018130539887187824,27467.749282313303,23897.250717686697
2021-08-31,25180,25180,24910,24910,40600,ASG,-0.014246141669964407,27463.964828014377,23910.035171985623
2021-09-01,24910,25910,24910,24910,34700,ASG,0.0,27460.095770661053,23922.904229338947
2021-09-06,25090,25910,25000,25450,35300,ASG,0.02167804094741066,27458.114675128953,23969.885324871047
2021-09-07,25180,25180,25180,25180,27200,ASG,-0.010609037328094262,27454.09329615713,23991.90670384287
2021-09-08,25000,25270,25000,25090,34500,ASG,-0.0035742652899126703,27451.505510432078,24003.494489567922
2021-09-09,25090,25910,25090,25270,31300,ASG,0.007174172977281845,27450.068941740457,23986.931058259543
2021-09-10,25450,27270,25450,26090,30100,ASG,0.032449544914918915,27173.15801146728,24117.84198853272
2021-09-13,26180,27640,26180,27090,27200,ASG,0.03832886163280946,27173.15801146728,24117.84198853272
2021-09-14,27090,27180,26640,26910,45800,ASG,-0.006644518272425293,27241.0332009185,24085.9667990815
2021-09-15,27090,27090,26820,26820,37000,ASG,-0.0033444816053511683,27288.89453749312,24065.10546250688
2021-09-16,26820,26910,26090,26550,29500,ASG,-0.010067114093959773,27316.52177899566,24056.47822100434
2021-09-17,26360,26360,25910,26360,31700,ASG,-0.007156308851224091,27241.0332009185,24085.9667990815
2021-09-20,27180,27180,26640,26820,43600,ASG,0.017450682852807375,27258.13961651176,24077.86038348824
2021-09-21,26820,26820,25910,26360,50000,ASG,-0.017151379567486913,27298.754166015442,24073.245833984558
2021-09-27,26360,27270,25910,26180,31400,ASG,-0.006828528072837625,27342.642003693858,24138.357996306142
2021-09-28,26180,26270,26090,26180,28600,ASG,0.0,27374.90439252916,24224.09560747084
2021-09-29,26180,26360,26180,26180,38200,ASG,0.0,27391.556181499443,24334.443818500557
2021-09-30,26360,26360,25000,25730,45200,ASG,-0.017188693659281884,27362.51891321955,24454.48108678045
2021-10-01,25730,25910,25450,25910,34000,ASG,0.006995724834823136,27328.768648051402,24597.231351948598
2021-10-04,25910,25910,25270,25450,48500,ASG,-0.017753763025858738,27321.660698101623,24622.339301898377
2021-10-05,25450,26360,25450,26270,31600,ASG,0.03222003929273076,27303.043942228516,24776.956057771484
2021-10-06,26410,26450,25730,26000,40600,ASG,-0.010277883517320174,27247.03589965786,24941.96410034214
2021-10-07,25820,26000,25730,26000,22000,ASG,0.0,27237.358238414974,25006.641761585026
2021-10-08,26180,26820,26000,26180,23000,ASG,0.006923076923077032,27200.213985510873,25143.786014489127
2021-10-11,26000,26180,26000,26180,40600,ASG,0.0,27127.172526504582,25325.827473495418
2021-10-12,26000,26360,26000,26000,34600,ASG,-0.006875477463712754,27058.7160297494,25467.2839702506
2021-10-13,26000,26360,25910,26270,40500,ASG,0.010384615384615437,27063.747434476518,25480.252565523482
2021-10-14,26180,26360,26180,26180,32800,ASG,-0.003425961172440095,26923.960393140824,25529.039606859176
2021-10-15,26180,26360,26180,26360,33700,ASG,0.006875477463712754,26826.340417955158,25571.659582044842
2021-10-18,26360,26820,26360,26550,51800,ASG,0.007207890743550882,26768.885807163795,25602.114192836205
2021-10-19,26550,26550,26000,26550,39400,ASG,0.0,26768.885807163795,25602.114192836205
2021-10-20,26360,26450,26180,26180,33400,ASG,-0.013935969868173248,26754.36763190211,25598.63236809789
2021-10-21,26180,26360,26000,26360,35200,ASG,0.006875477463712754,26659.19852679255,25647.80147320745
2021-10-22,26820,26820,26270,26270,30200,ASG,-0.003414264036418868,26648.835973095327,25649.164026904673
2021-10-25,26730,26730,25910,26550,44400,ASG,0.010658545869813407,26697.06113905776,25637.93886094224
2021-10-26,26640,26640,26360,26360,30600,ASG,-0.007156308851224091,26712.681872129368,25640.318127870632
2021-10-27,26180,26730,25450,26550,34000,ASG,0.007207890743550882,26755.374874526107,25634.625125473893
2021-10-28,26640,26640,26360,26360,33900,ASG,-0.007156308851224091,26748.276772193003,25704.723227806997
2021-10-29,26640,26680,26360,26450,39400,ASG,0.003414264036418757,26762.706245052188,25744.293754947812
2021-11-01,26640,26680,26360,26680,29300,ASG,0.008695652173912993,26704.12722855147,25925.87277144853
2021-11-02,26640,26770,26450,26730,26200,ASG,0.0018740629685156662,26766.18687509094,25909.81312490906
2021-11-03,26450,26910,26450,26910,49400,ASG,0.006734006734006703,26850.030813559133,25916.969186440867
2021-11-04,27270,27730,26910,27640,37800,ASG,0.02712746191007054,27156.223533695025,25774.776466304975
2021-11-05,27360,28000,27360,27950,30300,ASG,0.01121562952243127,27486.85368627676,25621.14631372324
2021-11-08,27910,29090,27550,28640,45000,ASG,0.02468694096601065,27962.303077098994,25391.696922901006
2021-11-09,28640,29090,28550,28640,49900,ASG,0.0,28312.767269227566,25305.232730772434
2021-11-10,28000,28550,28000,28450,55100,ASG,-0.006634078212290451,28559.42133530673,25276.57866469327
2021-11-11,28640,28640,27270,28450,50500,ASG,0.0,28764.47749552616,25298.52250447384
2021-11-12,28450,28730,27360,27590,15400,ASG,-0.030228471001757518,28813.54758725242,25372.45241274758
2021-11-15,29360,29360,27450,27770,30200,ASG,0.0065241029358462654,28879.716083253592,25428.283916746408
2021-11-16,29000,29000,27770,28000,40800,ASG,0.008282319049333742,28966.399709753445,25486.600290246555
2021-11-17,28000,28090,27550,28000,51000,ASG,0.0,29018.897954624408,25616.102045375592
2021-11-18,27860,27910,27730,27910,50300,ASG,-0.003214285714285725,29055.596278449437,25734.403721550563
2021-11-19,27950,28910,27910,27910,29300,ASG,0.0,29067.78722650143,25886.21277349857
2021-11-22,27910,27910,27640,27640,51500,ASG,-0.009673951988534601,29065.178910332965,25997.821089667035
2021-11-23,27640,27640,26450,26640,55500,ASG,-0.0361794500723589,29040.778903750102,26050.221096249898
2021-11-24,27270,27770,27000,27090,66500,ASG,0.016891891891891886,29013.414640081122,26131.585359918878
2021-11-25,27180,27450,27090,27270,60500,ASG,0.006644518272425293,28956.739705842818,26279.260294157182
2021-11-26,27270,27640,27270,27550,51500,ASG,0.010267693436010195,28901.08957328043,26444.91042671957
2021-11-29,26550,27360,26180,26730,60700,ASG,-0.029764065335753154,28895.67170922789,26455.32829077211
2021-11-30,26730,27270,26730,26820,48500,ASG,0.0033670033670034627,28886.780841743897,26473.219158256103
2021-12-01,26820,27180,26820,27180,53200,ASG,0.01342281879194629,28871.21431170726,26515.78568829274
2021-12-02,26910,27000,26640,27000,34500,ASG,-0.0066225165562914245,28877.448600887434,26445.551399112566
2021-12-03,27270,27270,27000,27000,53100,ASG,0.0,28855.118850070416,26372.881149929584
2021-12-06,26820,27000,26450,26450,34900,ASG,-0.020370370370370372,28750.637632848036,26258.362367151964
2021-12-07,27270,27270,26450,26640,44700,ASG,0.007183364839319362,28589.598730064343,26219.401269935657
2021-12-08,26640,26730,26640,26640,37200,ASG,0.0,28440.932118630095,26187.067881369905
2021-12-09,27230,27230,26450,26450,43600,ASG,-0.007132132132132152,28272.855986430695,26155.144013569305
2021-12-10,26450,26910,26450,26820,29400,ASG,0.013988657844990593,28232.864175674644,26118.135824325356
2021-12-13,26680,27090,26270,26450,53900,ASG,-0.013795674869500396,28174.94779318375,26044.05220681625
2021-12-14,26820,27090,26180,26820,40300,ASG,0.013988657844990593,28040.15600084076,26060.84399915924
2021-12-15,26820,26820,26180,26360,64800,ASG,-0.017151379567486913,27899.93491452711,26037.06508547289
2021-12-16,26360,26640,26360,26550,50500,ASG,0.007207890743550882,27741.225282122603,26059.774717877397
2021-12-17,26550,26910,26180,26320,55400,ASG,-0.008662900188323941,27559.319713945206,26082.680286054794
2021-12-20,26090,26640,26090,26360,54000,ASG,0.001519756838905817,27418.123286535978,26095.876713464022
2021-12-21,26360,26360,25910,26230,52200,ASG,-0.004931714719271674,27435.22097435252,26037.77902564748
2021-12-22,26180,26230,26180,26180,38200,ASG,-0.0019062142584826969,27409.94088769532,25972.05911230468
2021-12-23,26730,26730,25910,26050,20300,ASG,-0.0049656226126814085,27349.110561735914,25910.889438264086
2021-12-24,26230,26230,25730,26090,48300,ASG,0.0015355086372361715,27177.35796118059,25936.64203881941
2021-12-27,26090,26230,25910,25910,49600,ASG,-0.006899195093905686,27191.171089428557,25840.828910571443
2021-12-28,25910,26360,25910,26230,37200,ASG,0.012350443844075576,27157.50745152356,25815.49254847644
2021-12-29,26180,26270,25910,26270,34400,ASG,0.001524971406786202,27036.94966230391,25845.05033769609
2021-12-30,25820,26230,25820,26090,51100,ASG,-0.006851922344880079,26951.39477421554,25839.60522578446
2021-12-31,26090,26820,26000,26820,48500,ASG,0.027980068991950935,26907.70149654442,25865.29850345558
2022-01-04,26820,26820,26410,26410,51600,ASG,-0.015287099179716601,26905.018011215892,25863.981988784108
2022-01-05,26360,26820,25910,26000,53400,ASG,-0.015524422567209428,26884.8109993229,25820.1890006771
2022-01-06,26360,26360,26000,26000,7500,ASG,0.0,26856.7639275582,25784.2360724418
2022-01-07,26000,26180,26000,26090,30900,ASG,0.003461538461538405,26844.30716126695,25760.69283873305
2022-01-10,26090,26090,25450,25450,36200,ASG,-0.024530471444998092,26839.45520065497,25628.54479934503
2022-01-11,26000,26180,25910,26000,50500,ASG,0.0216110019646365,26816.620649127224,25606.379350872776
2022-01-12,25910,26050,25640,26050,51500,ASG,0.0019230769230769162,26712.81848801255,25633.18151198745
2022-01-13,25730,26090,25640,26090,54700,ASG,0.0015355086372361715,26693.409168305014,25625.590831694986
2022-01-14,25550,26270,25550,25910,37500,ASG,-0.006899195093905686,26640.252376883964,25614.747623116036
2022-01-17,25820,26270,25450,25450,44800,ASG,-0.017753763025858738,26666.868767391217,25501.131232608783
2022-01-18,25000,26090,25000,25550,48000,ASG,0.003929273084479323,26655.848756837277,25431.151243162723
2022-01-19,25590,26140,25550,25910,24700,ASG,0.014090019569471535,26636.232289270214,25418.767710729786
2022-01-20,25730,26000,25000,26000,34500,ASG,0.0034735623311463737,26623.256975983044,25413.743024016956
2022-01-21,25450,26050,25180,26000,33100,ASG,0.0,26620.628811751605,25411.371188248395
2022-01-24,25450,25820,25450,25450,36700,ASG,-0.02115384615384619,26635.502877967672,25332.497122032328
2022-01-25,25090,25640,25090,25270,45700,ASG,-0.007072691552062915,26673.958447557863,25230.041552442137
2022-01-26,25270,26270,25270,25640,45800,ASG,0.01464186782746335,26644.826103640287,25200.173896359713
2022-01-27,25730,25820,25270,25730,48000,ASG,0.0035101404056161467,26604.08944389552,25186.91055610448
2022-01-28,25550,25730,25270,25730,38400,ASG,0.0,26583.697564425252,25171.302435574748
2022-02-07,25770,26550,25770,26450,32500,ASG,0.027982899339292544,26479.67382738453,25238.32617261547
2022-02-08,26450,26680,26450,26680,5000,ASG,0.008695652173912993,26549.696426452592,25195.303573547408
2022-02-09,26360,26770,26180,26180,35200,ASG,-0.01874062968515744,26569.92646666159,25193.07353333841
2022-02-10,26000,26360,25910,26360,29900,ASG,0.006875477463712754,26617.56615294147,25181.43384705853
2022-02-11,26360,26680,25910,26680,46100,ASG,0.012139605462822445,26720.653964810484,25137.346035189516
2022-02-14,26450,26820,26000,26820,65600,ASG,0.005247376311844132,26846.520023321096,25148.479976678904
2022-02-15,26360,26820,26180,26820,41500,ASG,0.0,26960.13496027449,25116.86503972551
2022-02-16,26730,27000,26360,27000,68200,ASG,0.006711409395973256,27098.549258061135,25073.450741938865
2022-02-17,26820,28640,26820,28090,67300,ASG,0.04037037037037039,27523.331671650736,24848.668328349264
2022-02-18,27550,28180,27270,27450,61700,ASG,-0.022783908864364544,27701.417185659346,24824.582814340654
2022-02-21,27450,28180,27180,28000,51800,ASG,0.020036429872495543,27963.795585705415,24817.204414294585
2022-02-22,28090,28090,27000,27820,38000,ASG,-0.00642857142857145,28144.4682258429,24863.5317741571
2022-02-23,27820,27860,27270,27860,48700,ASG,0.0014378145219267058,28319.14111501796,24883.85888498204
2022-02-24,27550,29090,27090,27230,46900,ASG,-0.022613065326633208,28378.168796357997,24947.831203642003
2022-02-25,28180,28640,26550,28180,49900,ASG,0.03488799118619168,28579.380424813808,24964.619575186192
2022-02-28,27730,28180,27550,27550,4100,ASG,-0.022356281050390336,28607.330604248833,25146.669395751167
2022-03-01,27550,28180,27270,27730,47900,ASG,0.006533575317604345,28600.79980009998,25399.20019990002
2022-03-02,27770,28180,27270,28180,74200,ASG,0.01622791200865481,28678.323306084236,25575.676693915764
2022-03-03,27730,28270,27360,27910,42200,ASG,-0.009581263307310128,28682.159050727176,25789.840949272824
2022-03-04,28000,28000,26910,28000,67700,ASG,0.00322465066284483,28654.48237535996,26044.51762464004
2022-03-07,27360,28000,27090,28000,37600,ASG,0.0,28692.608154208923,26161.391845791077
2022-03-08,27860,27910,26950,27180,57600,ASG,-0.02928571428571425,28676.689348365584,26227.310651634416
2022-03-09,27270,28180,27090,27730,69600,ASG,0.02023546725533487,28610.10122154295,26448.89877845705
2022-03-10,27730,28180,27640,28180,82900,ASG,0.01622791200865481,28592.949998714645,26648.050001285355
2022-03-11,27820,28180,27640,27640,38400,ASG,-0.019162526614620257,28540.05665335084,26796.94334664916
2022-03-14,26820,27640,26640,27550,43000,ASG,-0.0032561505065122898,28488.007024234208,26921.992975765792
2022-03-15,27270,28000,26910,27770,40100,ASG,0.007985480943738743,28422.033419629006,27082.966580370994
2022-03-16,26180,28180,26180,27730,36000,ASG,-0.0014404033129276073,28363.278677995368,27214.721322004632
2022-03-17,26820,27910,26450,27450,43900,ASG,-0.010097367472051921,28331.946954074992,27182.053045925008
2022-03-18,27090,27730,26820,27320,12500,ASG,-0.004735883424408005,28341.887351910835,27159.112648089165
2022-03-21,27910,27910,27320,27550,50500,ASG,0.008418740849194695,28313.92149644821,27142.07850355179
2022-03-22,27730,27730,27270,27270,50300,ASG,-0.010163339382940118,28317.37843210807,27083.62156789193
2022-03-23,27270,27640,27000,27270,60100,ASG,0.0,28310.559223215576,27031.440776784424
2022-03-24,27180,27640,26910,27270,62500,ASG,0.0,28307.25862233013,27038.74137766987
2022-03-25,27320,27640,27090,27090,36700,ASG,-0.0066006600660065695,28256.442787403474,26980.557212596526
2022-03-28,26910,27730,26910,27640,51100,ASG,0.02030269472129942,28260.215819012767,26985.784180987233
2022-03-29,27180,27550,26910,27410,51000,ASG,-0.00832127351664258,28248.71956491922,26965.28043508078
2022-03-30,27090,27550,26950,26950,49000,ASG,-0.016782196278730344,28191.517801612397,26899.482198387603
2022-03-31,28180,28180,26910,27270,49300,ASG,0.011873840445268957,28147.417187020605,26879.582812979395
2022-04-01,27090,28000,25450,25450,49500,ASG,-0.06674000733406671,28454.220950927345,26317.779049072655
2022-04-04,27180,27230,27090,27230,46600,ASG,0.06994106090373275,28379.31151379509,26315.68848620491
2022-04-05,28730,28730,27270,27450,54600,ASG,0.008079324274697042,28390.755310741402,26331.244689258598
2022-04-06,28270,28270,26910,27640,44300,ASG,0.006921675774134828,28380.536620438997,26332.463379561003
2022-04-07,27270,28000,27090,27450,47500,ASG,-0.00687409551374818,28273.645636491943,26366.354363508057
2022-04-08,27270,27550,27090,27090,52200,ASG,-0.013114754098360604,28239.344760243264,26345.655239756736
2022-04-12,26450,27550,26450,26820,47200,ASG,-0.009966777408637828,28216.508198819836,26295.491801180164
2022-04-13,25640,27730,25640,26820,47700,ASG,0.0,28156.51424039944,26260.48575960056
2022-04-14,25640,27270,25640,26820,50800,ASG,0.0,28093.722300151945,26232.277699848055
2022-04-15,25640,27550,25640,26820,45600,ASG,0.0,28063.87921469761,26199.12078530239
2022-04-18,25640,27270,25550,26640,49700,ASG,-0.006711409395973145,28049.295671349755,26145.704328650245
2022-04-19,27090,27140,25550,25730,64500,ASG,-0.034159159159159125,28104.61247147099,25908.38752852901
2022-04-20,25450,26450,25450,25550,57900,ASG,-0.006995724834823136,28180.126531953076,25660.873468046924
2022-04-21,25500,26820,25450,26270,48200,ASG,0.02818003913894329,28149.897905266433,25591.102094733567
2022-04-22,25500,25640,25450,25450,7800,ASG,-0.031214312904453756,28184.98176793587,25374.01823206413
2022-04-25,26270,26640,25450,25450,9100,ASG,0.0,28208.36564591301,25186.63435408699
2022-04-26,25180,26360,25180,26320,4300,ASG,0.034184675834970424,28086.192751064686,25176.807248935314
2022-04-27,26270,26270,26270,26270,500,ASG,-0.0018996960486322712,27991.559984616088,25157.440015383912
2022-04-28,26270,26270,25820,25820,1500,ASG,-0.017129805862200254,27960.547746176933,25075.452253823067
2022-04-29,25820,26730,25550,26360,13100,ASG,0.020914020139426892,27874.125841656805,25070.874158343195
2022-05-04,27180,27270,26000,27050,4600,ASG,0.02617602427921084,27892.856295915437,25212.143704084563
2022-05-05,27000,27270,26550,27230,21800,ASG,0.006654343807763308,27892.856295915437,25212.143704084563
2022-05-06,27180,27270,26180,27180,5700,ASG,-0.0018362100624311761,27847.99809014381,25230.00190985619
2022-05-09,27180,27550,26640,26640,2900,ASG,-0.019867549668874163,27698.576785491583,25279.423214508417
2022-05-10,27180,27180,26180,26180,2600,ASG,-0.01726726726726724,27557.462455207835,25293.537544792165
2022-05-11,26360,27180,26000,26000,3900,ASG,-0.006875477463712754,27474.33856997757,25267.66143002243
2022-05-12,27270,27270,26180,26180,3600,ASG,0.006923076923077032,27425.386671494158,25252.613328505842
2022-05-13,25730,25730,24500,24590,4600,ASG,-0.060733384262796064,27529.81908532439,24925.18091467561
2022-05-16,26180,26180,24590,26180,300,ASG,0.06466043106954045,27469.14791053107,24921.85208946893
2022-05-17,25450,27000,25450,26730,1700,ASG,0.021008403361344463,27456.39954164689,24925.60045835311
2022-05-18,26680,26820,25500,26820,7200,ASG,0.0033670033670034627,27480.515521186742,24919.484478813258
2022-05-19,25910,27000,25910,27000,1200,ASG,0.006711409395973256,27570.17937918992,24956.82062081008
2022-05-20,27180,27180,26640,27090,4000,ASG,0.0033333333333334103,27651.415329073603,25029.584670926397
2022-05-23,27000,27090,26360,26360,4800,ASG,-0.0269472129937246,27655.534242208174,25034.465757791826
2022-05-24,26360,26360,26360,26360,100,ASG,0.0,27635.11198772957,25145.88801227043
2022-05-25,27090,27090,25590,27000,2300,ASG,0.02427921092564489,27660.65418290473,25275.34581709527
2022-05-26,26820,26820,26000,26000,300,ASG,-0.03703703703703709,27660.64552288922,25243.35447711078
2022-05-27,26910,26910,26000,26910,400,ASG,0.03499999999999992,27705.49744166746,25262.50255833254
2022-05-30,26910,26910,25910,25950,1200,ASG,-0.035674470457079166,27699.110359048835,25281.889640951165
2022-05-31,27000,27000,26000,26000,1700,ASG,0.0019267822736031004,27698.939969994517,25246.060030005483
2022-06-01,25180,27180,25180,26590,500,ASG,0.02269230769230779,27648.707655079033,25250.292344920967
2022-06-02,25910,26910,25910,26640,3300,ASG,0.0018804061677322181,27568.929936941393,25271.070063058607
2022-06-03,26090,26090,26090,26090,100,ASG,-0.02064564564564564,27467.506805786677,25263.493194213323
2022-06-06,26050,27090,24590,27000,1100,ASG,0.03487926408585662,27514.239138793804,25252.760861206196
2022-06-07,25450,26910,25450,26910,200,ASG,-0.0033333333333332993,27569.086593777924,25270.913406222076
2022-06-08,26000,26860,25910,26860,1900,ASG,-0.00185804533630618,27610.363935288253,25315.636064711747
2022-06-09,26820,26910,26360,26820,5800,ASG,-0.0014892032762472418,27644.70430981194,25345.29569018806
2022-06-10,26000,28180,26000,27270,800,ASG,0.016778523489932917,27431.692967454022,25826.307032545978
2022-06-13,28180,28180,25730,27180,1400,ASG,-0.0033003300330033403,27488.14522800307,25869.85477199693
2022-06-14,26270,27270,26090,27000,3900,ASG,-0.0066225165562914245,27513.52070619452,25871.47929380548
2022-06-15,26270,27180,26270,27090,3600,ASG,0.0033333333333334103,27543.672967213424,25868.327032786576
2022-06-16,25910,27180,25910,26410,1300,ASG,-0.02510151347360645,27512.233809295845,25840.766190704155
2022-06-17,26180,27050,25450,26360,5100,ASG,-0.0018932222642937813,27463.990291205027,25816.009708794973
2022-06-20,26820,26820,25730,26360,12500,ASG,0.0,27463.990291205027,25816.009708794973
2022-06-21,25730,26360,25500,25500,2300,ASG,-0.03262518968133532,27553.97648873948,25640.02351126052
2022-06-22,26140,26140,25090,25270,3000,ASG,-0.009019607843137267,27608.488615605893,25412.511384394107
2022-06-23,25860,26090,24640,26090,5200,ASG,0.032449544914918915,27605.29353845657,25424.70646154343
2022-06-24,26360,26360,25910,25910,300,ASG,-0.006899195093905686,27569.871033198062,25360.128966801938
2022-06-27,25910,26360,25640,26360,800,ASG,0.017367811655731424,27566.341801560317,25404.658198439683
2022-06-28,26000,26320,25950,25950,1100,ASG,-0.015553869499241313,27568.5431820062,25397.4568179938
2022-06-29,25910,25910,25320,25320,2300,ASG,-0.024277456647398887,27615.534698493382,25223.465301506618
2022-06-30,26360,26360,25180,25180,200,ASG,-0.005529225908372792,27652.919151727405,25040.080848272595
2022-07-01,24550,26360,23590,26270,4400,ASG,0.043288324066719674,27657.198505799308,25053.801494200692
2022-07-04,26090,26090,26090,26090,100,ASG,-0.006851922344880079,27581.676059379966,25038.323940620034
2022-07-05,25450,25450,25180,25180,1800,ASG,-0.03487926408585662,27554.143077613287,24892.856922386713
2022-07-06,25180,25320,24910,25320,2100,ASG,0.005559968228753043,27498.953696065102,24794.046303934898
2022-07-07,24640,25820,24640,25360,2900,ASG,0.0015797788309637184,27430.26490225837,24716.73509774163
2022-07-08,25450,25450,25050,25050,1500,ASG,-0.012223974763406975,27271.971267344252,24653.028732655748
2022-07-11,25050,25090,25050,25090,300,ASG,0.001596806387225591,27093.647198839608,24622.352801160392
2022-07-12,25140,25730,25090,25730,400,ASG,0.025508170585890833,26913.93691202326,24675.06308797674
2022-07-13,25910,26360,25770,26270,1300,ASG,0.020987174504469408,26731.23769488558,24775.76230511442
2022-07-14,25910,25910,25910,25910,1000,ASG,-0.013703844689760158,26662.40095834632,24794.59904165368
2022-07-15,25910,25910,25450,25450,2500,ASG,-0.017753763025858738,26577.22815880522,24788.77184119478
2022-07-18,25860,25860,25860,25860,100,ASG,0.016110019646365492,26501.649216203143,24814.350783796857
2022-07-19,25000,25820,25000,25820,1800,ASG,-0.0015467904098994678,26517.193927871976,24830.806072128024
2022-07-20,26140,26140,25050,25090,3500,ASG,-0.028272656855151013,26528.84026301173,24801.15973698827
2022-07-21,25860,25860,25860,25860,100,ASG,0.03068951773614992,26500.35949247805,24806.64050752195
2022-07-22,26360,26360,26090,26090,500,ASG,0.008894044856921912,26523.77521733774,24801.22478266226
2022-07-25,26090,26180,24550,25910,4000,ASG,-0.006899195093905686,26449.147699743487,24830.852300256513
2022-07-26,25000,25000,24820,24820,500,ASG,-0.04206869934388269,26453.67871727604,24713.32128272396
2022-07-27,25000,25000,25000,25000,1200,ASG,0.00725221595487513,26467.71941769781,24667.28058230219
2022-07-28,25000,25000,25000,25000,5700,ASG,0.0,26477.440150390754,24639.559849609246
2022-07-29,25000,25050,25000,25050,600,ASG,0.0020000000000000018,26380.695901258707,24614.304098741293
2022-08-01,25000,25910,25000,25910,2600,ASG,0.03433133732534932,26350.78243632825,24626.21756367175
2022-08-02,26090,26090,25270,26000,6100,ASG,0.0034735623311463737,26407.052847411585,24651.947152588415
2022-08-03,25910,25910,25910,25910,2100,ASG,-0.003461538461538516,26446.01521971169,24671.98478028831
2022-08-04,26360,26360,25500,25500,300,ASG,-0.01582400617522195,26448.82274551587,24683.17725448413
2022-08-05,25140,25450,25090,25180,5300,ASG,-0.01254901960784316,26441.84170497002,24703.15829502998
2022-08-08,25360,25360,25180,25180,4100,ASG,0.0,26437.188351467386,24716.811648532614
2022-08-09,25180,25180,25180,25180,1400,ASG,0.0,26423.421621199624,24675.578378800376
2022-08-10,25450,25450,25180,25180,200,ASG,0.0,26316.790727618765,24673.209272381235
2022-08-11,25270,25270,25180,25180,2000,ASG,0.0,26268.074579640554,24648.925420359446
2022-08-12,25270,25270,25090,25230,700,ASG,0.0019857029388403724,26263.19295693918,24631.80704306082
2022-08-15,25450,25450,25180,25180,3300,ASG,-0.0019817677368212383,26214.13162565576,24612.86837434424
2022-08-16,25500,25550,25180,25550,1900,ASG,0.014694201747418534,26181.639303003747,24618.360696996253
2022-08-17,25730,26000,25360,26000,1300,ASG,0.017612524461839474,26255.104224297393,24635.895775702607
2022-08-18,25730,25910,25730,25910,1600,ASG,-0.003461538461538516,26262.999386502946,24633.000613497054
2022-08-19,25730,25730,25550,25550,3200,ASG,-0.01389424932458505,26183.204696915585,24658.795303084415
2022-08-22,25550,25640,25550,25640,2500,ASG,0.003522504892367939,26143.703096978126,24671.296903021874
2022-08-23,25450,25450,25450,25450,100,ASG,-0.007410296411856421,26124.0956137651,24753.9043862349
2022-08-24,25550,25550,25450,25450,1500,ASG,0.0,26116.33662084537,24806.66337915463
2022-08-25,25450,25450,25360,25360,4100,ASG,-0.0035363457760314576,26101.576361872223,24857.423638127777
2022-08-26,25360,25360,25090,25090,1500,ASG,-0.010646687697160928,26098.274675226035,24864.725324773965
2022-08-29,25450,25450,24820,24820,1700,ASG,-0.010761259465922657,26074.552314489094,24779.447685510906
2022-08-30,25640,25640,25270,25270,1600,ASG,0.018130539887187824,25984.855953953676,24796.144046046324
2022-08-31,25270,25270,25270,25270,600,ASG,0.0,25904.477105747286,24812.522894252714
2022-09-05,25270,25270,25270,25270,200,ASG,0.0,25890.253163819765,24803.746836180235
2022-09-06,25180,25180,25180,25180,1000,ASG,-0.0035615354174910463,25890.253163819765,24803.746836180235
2022-09-07,25180,25180,24820,24820,900,ASG,-0.01429706115965057,25915.341197597598,24742.658802402402
2022-09-08,25180,25180,24730,24730,2300,ASG,-0.003626107977437565,25946.10222013388,24666.89777986612
2022-09-09,25000,25000,24640,24820,1200,ASG,0.003639304488475492,25960.75813494534,24616.24186505466
2022-09-12,24820,25450,24820,25450,1800,ASG,0.025382755842062954,25975.842711617617,24628.157288382383
2022-09-15,25410,25410,25410,25410,100,ASG,-0.001571709233791796,25985.563562609324,24636.436437390676
2022-09-16,25320,25320,24550,24550,4100,ASG,-0.03384494293585205,26030.139061067424,24528.860938932576
2022-09-19,24450,24950,23950,23950,1600,ASG,-0.024439918533604943,26135.843419905425,24263.156580094575
2022-09-20,24950,24950,24360,24360,500,ASG,0.017118997912317413,26046.281459763377,24188.718540236623
2022-09-21,24820,24820,24140,24140,700,ASG,-0.009031198686371145,25975.99313619487,24082.00686380513
2022-09-22,24820,24820,23820,24730,3100,ASG,0.02444076222038105,25911.939391951764,24064.060608048236
2022-09-23,24550,25180,24550,25180,200,ASG,0.018196522442377683,25844.715863219593,24085.284136780407
2022-09-26,25090,25090,24360,24360,1400,ASG,-0.032565528196981774,25798.294458194123,24022.705541805877
2022-09-27,25000,25000,24640,24640,500,ASG,0.011494252873563315,25729.092544491104,24010.907455508896
2022-09-28,25050,25050,24550,24550,900,ASG,-0.0036525974025973795,25668.510726987563,23990.489273012437
2022-09-29,24550,24550,24550,24550,300,ASG,0.0,25640.99567679279,23964.00432320721
2022-09-30,24550,24550,24180,24180,700,ASG,-0.015071283095723031,25651.64641235166,23889.35358764834
2022-10-03,24550,24550,24180,24180,1000,ASG,0.0,25601.65004375329,23830.34995624671
2022-10-04,24640,24640,24180,24180,400,ASG,0.0,25538.18181229007,23784.81818770993
2022-10-05,24360,24550,24360,24550,1400,ASG,0.015301902398676681,25457.25657496662,23793.74342503338
2022-10-06,25000,25000,24360,24360,700,ASG,-0.00773930753564156,25383.060580044,23785.939419956
2022-10-07,24360,24640,23180,24640,4200,ASG,0.011494252873563315,25367.269537176195,23783.730462823805
2022-10-12,23640,24000,23640,24000,300,ASG,-0.025974025974025983,25365.459920383444,23712.540079616556
2022-10-14,24360,24360,23910,24360,500,ASG,0.014999999999999902,25335.473001385773,23696.526998614227
2022-10-17,24180,24180,24180,24180,200,ASG,-0.007389162561576401,25162.087908578076,23742.912091421924
2022-10-18,24270,24270,24180,24180,300,ASG,0.0,24956.575812778632,23825.424187221368
2022-10-19,24320,24320,24320,24320,100,ASG,0.005789909015715411,24941.014915207255,23817.985084792745
2022-10-20,24360,24360,24180,24180,200,ASG,-0.005756578947368474,24925.63632499131,23856.36367500869
2022-10-21,24360,24360,23910,23910,600,ASG,-0.011166253101737023,24942.861384496042,23794.138615503958
2022-10-24,23910,23910,23730,23730,200,ASG,-0.007528230865746499,24979.905056159714,23716.094943840286
2022-10-25,22550,24360,22550,23730,3800,ASG,0.0,24958.684493536977,23637.315506463023
2022-10-26,23730,23730,23730,23730,100,ASG,0.0,24795.07791389784,23655.92208610216
2022-10-27,23730,23730,23730,23730,100,ASG,0.0,24798.926441809428,23589.073558190572
2022-10-28,23640,23640,23590,23640,600,ASG,-0.0037926675094817064,24758.439582058494,23529.560417941506
2022-10-31,24090,24090,23180,23180,1100,ASG,-0.019458544839255465,24790.8034321183,23360.1965678817
2022-11-01,24360,24360,23910,23910,2600,ASG,0.031492666091458066,24727.613294710914,23359.386705289086
2022-11-02,23640,23640,23640,23640,100,ASG,-0.01129234629861986,24719.302248146818,23313.697751853182
2022-11-03,23640,23640,23180,23180,800,ASG,-0.019458544839255465,24752.967418269964,23180.032581730036
2022-11-07,23180,23180,22270,23180,3100,ASG,0.0,24766.871095463754,23066.128904536246
2022-11-09,23640,23640,23640,23640,100,ASG,0.019844693701466687,24677.148869626588,23064.851130373412
2022-11-10,22730,23680,22360,23680,1900,ASG,0.0016920473773265332,24614.640019546467,23059.359980453533
2022-11-11,23640,23640,23640,23640,300,ASG,-0.0016891891891891442,24475.13080151976,23098.86919848024
2022-11-14,22910,22910,22820,22820,200,ASG,-0.0346869712351946,24526.463524527095,22929.536475472905
2022-11-15,22550,22730,22550,22730,300,ASG,-0.003943908851884337,24501.070652433275,22791.929347566725
2022-11-16,22360,22550,21640,22550,400,ASG,-0.007919049714034343,24506.944796684093,22623.055203315907
2022-11-18,22910,22910,22910,22910,300,ASG,0.015964523281596366,24440.27100509136,22562.72899490864
2022-11-22,22950,22950,22950,22950,100,ASG,0.0017459624618070269,24321.461591741725,22544.538408258275
2022-11-25,21820,21820,21820,21820,500,ASG,-0.049237472766884505,24383.840493245014,22246.159506754986
2022-11-28,21730,22820,20450,22820,2200,ASG,0.045829514207149424,24313.46676110894,22207.53323889106
2022-11-30,22180,22730,21820,22730,600,ASG,-0.003943908851884337,24264.510910759585,22156.489089240415
2022-12-05,22590,22730,21640,22730,8800,ASG,0.0,24206.032878488404,22114.967121511596
2022-12-06,21910,22640,21910,22640,300,ASG,-0.003959524857017116,24140.686425928285,22071.313574071715
2022-12-07,22640,22640,21910,21910,1100,ASG,-0.03224381625441697,24131.091394107243,21898.908605892757
2022-12-08,21820,22140,21820,22140,600,ASG,0.010497489730716625,24079.368246003134,21800.631753996866
2022-12-09,22050,22050,21910,21910,600,ASG,-0.010388437217705548,24094.157997961767,21658.842002038233
2022-12-12,21820,21820,21640,21640,1000,ASG,-0.012323140118667308,23997.23012440965,21528.76987559035
2022-12-13,21640,22090,21640,22050,1100,ASG,0.018946395563770757,23885.952078047296,21481.047921952704
2022-12-14,22000,22000,22000,22000,100,ASG,-0.0022675736961451642,23839.448147041785,21409.551852958215
2022-12-15,21360,21360,21360,21360,200,ASG,-0.029090909090909056,23837.743458868117,21229.256541131883
2022-12-16,21910,21910,21090,21770,1300,ASG,0.019194756554307135,23680.080642539135,21199.919357460865
2022-12-19,22230,23270,22090,23270,5700,ASG,0.06890215893431328,23588.42215309672,21250.57784690328
2022-12-20,22180,23770,21730,23770,1000,ASG,0.021486892995272955,23623.103170157137,21228.896829842863
2022-12-21,24090,24090,22550,23910,1700,ASG,0.005889777029869592,23833.488913480178,21127.511086519822
2022-12-22,23640,23640,23640,23640,1000,ASG,-0.01129234629861986,23967.782230435743,21084.217769564257
2022-12-26,23000,23000,22270,22270,700,ASG,-0.05795262267343482,23958.00968184873,21065.99031815127
2022-12-27,21640,21640,21000,21000,600,ASG,-0.057027391109115366,23991.305067302066,20841.694932697934
2022-12-27,21000,22320,21000,22320,1000,ASG,0.06285714285714294,23940.949870657878,20829.050129342122
2022-12-28,21450,22270,20910,22270,1400,ASG,-0.0022401433691756623,23942.99829045827,20872.00170954173
2022-12-29,21180,22180,21180,22180,7200,ASG,-0.00404131118096096,23901.926873453252,20849.073126546748
2022-12-30,22270,23550,21820,23450,1500,ASG,0.05725879170423798,24002.276854244577,20820.723145755423
2023-01-03,22360,23360,22360,23360,1800,ASG,-0.003837953091684443,24081.976509898865,20804.023490101135
2023-01-06,22730,23180,22180,23180,2500,ASG,-0.0077054794520547976,24138.59222100556,20801.40777899444
2023-01-09,22180,23090,21590,22270,2100,ASG,-0.03925798101811906,24139.72152616604,20836.27847383396
2023-01-10,21230,21230,21230,21230,100,ASG,-0.04669959586888195,24178.06763048873,20706.93236951127
2023-01-11,22140,22140,22140,22140,300,ASG,0.04286387187941587,24178.31319660909,20729.68680339091
2023-01-12,21910,21910,21910,21910,1000,ASG,-0.010388437217705548,24170.202264049785,20764.797735950215
2023-01-13,21820,22230,21820,22230,2300,ASG,0.01460520310360569,24172.168304828592,20780.831695171408
2023-01-18,20910,22090,20910,21680,5200,ASG,-0.024741340530814226,24179.726279464187,20741.273720535813
2023-01-19,21730,22270,20910,22270,5600,ASG,0.027214022140221505,24152.96569484621,20859.03430515379
2023-01-27,22820,22820,22820,22820,1300,ASG,0.024696901661428017,24174.931563661223,20942.068436338777
2023-01-30,22820,22820,21820,22730,3800,ASG,-0.003943908851884337,24117.239890398254,20945.760109601746
2023-01-31,22730,22730,22270,22270,5000,ASG,-0.020237571491421025,23939.392781019676,20973.607218980324
2023-02-01,22360,22590,22270,22270,2000,ASG,0.0,23699.829770283708,21049.170229716292
2023-02-02,22270,22270,21820,21820,1800,ASG,-0.02020655590480469,23493.69461244887,21073.30538755113
2023-02-03,21820,22730,21820,22730,11700,ASG,0.04170485792850598,23532.17981137011,21080.82018862989
2023-02-06,23730,23730,22270,22730,5400,ASG,0.0,23473.20553599779,21312.79446400221
2023-02-07,22730,23140,22730,23000,5000,ASG,0.011878574571051459,23538.235348609946,21315.764651390054
2023-02-08,23000,23000,22270,22820,2400,ASG,-0.00782608695652176,23576.007467652475,21332.992532347525
2023-02-09,21820,22730,21360,22730,3400,ASG,-0.003943908851884337,23602.207123705375,21361.792876294625
2023-02-10,21820,22730,21820,22270,11500,ASG,-0.020237571491421025,23453.788048048806,21392.211951951194
2023-02-13,21640,22140,21450,22140,3700,ASG,-0.005837449483610202,23304.371476648284,21419.628523351716
2023-02-14,22140,22590,21680,22140,1900,ASG,0.0,23177.91704672755,21442.08295327245
2023-02-15,22590,22590,22590,22590,500,ASG,0.020325203252032464,23202.136975592442,21449.863024407558
2023-02-20,21820,22450,21820,22450,600,ASG,-0.006197432492253241,23105.027854613087,21668.972145386913
2023-02-21,21820,22230,21820,22230,4100,ASG,-0.009799554565701585,23104.389191950802,21678.610808049198
2023-02-23,22140,23550,22140,23550,400,ASG,0.05937921727395401,23312.172164794007,21634.827835205993
2023-02-24,22680,22680,21910,21910,20400,ASG,-0.06963906581740975,23325.82885475508,21589.17114524492
2023-02-27,21450,22680,21450,22270,8500,ASG,0.016430853491556263,23284.8997430757,21689.1002569243
2023-03-01,22180,22270,22180,22270,12000,ASG,0.0,23284.8997430757,21689.1002569243
2023-03-02,22090,22230,22090,22230,2200,ASG,-0.0017961383026493527,23247.56012429452,21667.43987570548
2023-03-03,22180,22180,22180,22180,5300,ASG,-0.0022492127755285862,23218.49223204815,21641.50776795185
2023-03-07,21180,22270,21180,22270,3400,ASG,0.004057709648331853,23218.49223204815,21641.50776795185
2023-03-08,22270,22270,22270,22270,3100,ASG,0.0,23218.49223204815,21641.50776795185
2023-03-09,22270,22270,22180,22270,17600,ASG,0.0,23194.386109858024,21710.613890141976
2023-03-14,22050,22090,21450,22090,1100,ASG,-0.00808262236192192,23166.944237703174,21674.055762296826
2023-03-20,21450,22000,21450,22000,2700,ASG,-0.004074241738343143,23137.694898483645,21630.305101516355
2023-03-21,21820,22050,21640,21640,300,ASG,-0.016363636363636358,23080.44489664087,21551.55510335913
2023-03-22,21910,21910,21910,21910,100,ASG,0.012476894639556368,23017.66731727256,21523.33268272744
2023-03-23,21640,21640,21640,21640,1100,ASG,-0.012323140118667308,22979.973821541207,21452.026178458793
2023-03-24,21910,21910,21910,21910,100,ASG,0.012476894639556368,22972.921931551995,21423.078068448005
2023-03-27,21450,21450,21450,21450,5400,ASG,-0.02099497946143314,23004.31567540114,21322.68432459886
2023-03-28,21450,21450,21450,21450,100,ASG,0.0,23025.613629162683,21232.386370837317
2023-03-30,21360,21360,21360,21360,1500,ASG,-0.004195804195804231,22997.314497628577,21137.685502371423
2023-03-31,21270,21270,21270,21270,100,ASG,-0.004213483146067398,22982.44609707123,21034.55390292877
2023-04-03,21820,21820,21820,21820,100,ASG,0.025858015984955296,22959.69130900728,21016.30869099272
2023-04-05,21000,21320,21000,21270,500,ASG,-0.025206232813932195,22586.27522770365,21161.72477229635
2023-04-06,21550,21550,21360,21360,3200,ASG,0.004231311706629048,22592.751298156516,21100.248701843484
2023-04-07,21320,21360,21270,21270,5400,ASG,-0.004213483146067398,22556.4282860904,21036.5717139096
2023-04-07,21320,21320,21320,21320,3500,ASG,0.002350728725905027,22503.344748772262,20994.655251227738
2023-04-10,21270,21270,20550,20910,12900,ASG,-0.019230769230769273,22486.81838744849,20879.18161255151
2023-04-11,21500,21500,21000,21000,300,ASG,0.004304160688665792,22446.250570082073,20801.749429917927
2023-04-12,21360,21450,20910,20910,2600,ASG,-0.004285714285714337,22378.250570082073,20733.749429917927
2023-04-13,21320,21550,21320,21550,800,ASG,0.030607364897178302,22274.29437224488,20765.70562775512
2023-04-14,20910,21360,20910,21360,600,ASG,-0.008816705336426867,22147.774832442366,20801.225167557634
2023-04-18,21550,21550,21360,21360,200,ASG,0.0,22050.228715432637,20825.771284567363
2023-04-19,21360,21360,21360,21360,200,ASG,0.0,21961.67616468614,20850.32383531386
2023-04-20,21000,21360,20910,21360,900,ASG,0.0,21937.402603587754,20846.597396412246
2023-04-21,21270,21550,21000,21320,2800,ASG,-0.0018726591760299671,21853.778943168032,20871.221056831968
2023-04-24,21000,21000,21000,21000,100,ASG,-0.015009380863039379,21828.635523728535,20832.364476271465
2023-04-25,21320,21320,21320,21320,100,ASG,0.015238095238095273,21722.326476737817,20879.673523262183
2023-04-27,20950,20950,20910,20910,1000,ASG,-0.019230769230769273,21722.035712862606,20825.964287137394
2023-04-28,21270,21360,21270,21360,1100,ASG,0.021520803443328518,21712.149974585227,20826.850025414773
2023-05-04,20910,21360,20730,21180,1600,ASG,-0.008426966292134797,21702.743145792338,20818.256854207662
2023-05-05,21230,21230,21230,21230,500,ASG,0.0023607176581681433,21700.914963580915,20816.085036419085
2023-05-08,21000,21000,21000,21000,300,ASG,-0.010833725859632604,21590.74924648324,20844.25075351676
2023-05-12,21180,21180,21180,21180,1000,ASG,0.008571428571428674,21585.77875475985,20840.22124524015
2023-05-15,20910,21000,20910,20950,5000,ASG,-0.01085930122757317,21575.63835621131,20809.36164378869
2023-05-16,20910,20950,20820,20820,2200,ASG,-0.006205250596658662,21583.90820238346,20756.09179761654
2023-05-17,20730,20730,20730,20730,100,ASG,-0.004322766570605152,21590.009732931678,20690.990267068322
2023-05-18,20910,20910,20910,20910,500,ASG,0.00868306801736618,21590.009732931678,20690.990267068322
2023-05-19,20910,21050,20910,21050,6500,ASG,0.006695361071257677,21589.90491158669,20696.09508841331
2023-05-23,20910,20910,20910,20910,100,ASG,-0.0066508313539191954,21589.90491158669,20696.09508841331
2023-05-24,20910,20910,20910,20910,100,ASG,0.0,21527.360420789857,20694.639579210143
2023-05-25,20860,20860,19640,19640,3200,ASG,-0.060736489717838404,21776.092537574637,20273.907462425363
2023-05-26,19910,20450,19730,20450,2300,ASG,0.04124236252545832,21753.799037840236,20205.200962159764
2023-05-29,20000,20730,20000,20640,500,ASG,0.00929095354523235,21710.605598989026,20176.394401010974
2023-05-30,20050,21360,20050,21360,15500,ASG,0.03488372093023262,21710.605598989026,20176.394401010974
2023-05-31,20450,21140,20450,21140,4400,ASG,-0.010299625468164764,21687.825294942573,20181.174705057427
2023-06-01,20270,20910,20270,20910,8000,ASG,-0.010879848628193023,21682.78150880605,20177.21849119395
2023-06-02,20910,20910,20910,20910,6200,ASG,0.0,21640.703801959695,20178.296198040305
2023-06-05,20910,21090,20910,20910,6800,ASG,0.0,21640.703801959695,20178.296198040305
2023-06-06,20820,20820,20820,20820,2200,ASG,-0.004304160688665681,21584.465098847737,20180.534901152263
2023-06-07,20270,20820,19910,20770,25000,ASG,-0.0024015369836695166,21551.857956394153,20172.142043605847
2023-06-08,20730,20770,20180,20770,21700,ASG,0.0,21508.623774966447,20169.376225033553
2023-06-09,20770,20770,20270,20640,7100,ASG,-0.006259027443427989,21491.6981437281,20150.3018562719
2023-06-12,20450,20640,20270,20640,18000,ASG,0.0,21447.984709301614,20140.015290698386
2023-06-13,20910,21090,20180,20820,8000,ASG,0.008720930232558155,21437.726883480158,20137.273116519842
2023-06-14,20270,20820,20270,20770,4600,ASG,-0.0024015369836695166,21435.09230113909,20134.90769886091
2023-06-15,20730,20860,20730,20860,2300,ASG,0.004333172845450095,21441.862206774284,20141.137793225716
2023-06-16,20820,20820,20820,20820,600,ASG,-0.0019175455417066445,21435.262292594838,20138.737707405162
2023-06-19,20820,20860,20820,20820,1600,ASG,0.0,21412.758974044555,20138.241025955445
2023-06-20,20820,20820,20500,20820,2300,ASG,0.0,21405.662114829865,20136.337885170135
2023-06-22,20680,20910,20640,20910,15100,ASG,0.004322766570605152,21405.662114829865,20136.337885170135
2023-06-23,20910,20910,20910,20910,1000,ASG,0.0,21201.513623725765,20467.486376274235
2023-06-26,20910,20910,20910,20910,100,ASG,0.0,21180.23053775606,20534.76946224394
2023-06-27,20820,20910,20820,20910,1300,ASG,0.0,21178.434545879794,20563.565454120206
2023-06-28,20910,20910,20860,20860,500,ASG,-0.002391200382592107,21056.276009093563,20635.723990906437
2023-06-29,20450,20860,20450,20450,4800,ASG,-0.019654841802492773,21042.86767276419,20580.13232723581
2023-06-30,20360,20730,20180,20550,1300,ASG,0.004889975550122161,21046.424890037175,20540.575109962825
2023-07-03,20730,20910,20450,20910,2700,ASG,0.01751824817518255,21046.424890037175,20540.575109962825
2023-07-04,20910,20910,20450,20910,1900,ASG,0.0,21046.424890037175,20540.575109962825
2023-07-05,20910,20910,20860,20910,1300,ASG,0.0,21055.806128709766,20540.193871290234
2023-07-07,20450,20910,20450,20550,101400,ASG,-0.017216642754662836,21066.506708327935,20507.493291672065
2023-07-10,20550,20860,20550,20860,1100,ASG,0.015085158150851541,21072.660096742617,20510.339903257383
2023-07-11,20360,20910,20360,20910,2300,ASG,0.0023969319271333056,21081.65863442213,20528.34136557787
2023-07-12,20910,21360,20910,21180,1400,ASG,0.012912482065997155,21142.32885782717,20521.67114217283
2023-07-13,21090,21360,21090,21270,2100,ASG,0.004249291784702569,21218.668916850842,20490.331083149158
2023-07-17,20550,21270,20550,21270,900,ASG,0.0,21283.503712854614,20475.496287145386
2023-07-18,20640,21270,20450,21270,2900,ASG,0.0,21338.132400080518,20461.867599919482
2023-07-19,20550,21180,20550,21090,800,ASG,-0.008462623413258097,21357.53941266549,20469.46058733451
2023-07-20,21000,21180,20450,21090,2100,ASG,0.0,21375.24546846601,20478.75453153399
2023-07-21,20550,21090,20270,21000,4100,ASG,-0.004267425320056861,21382.51539727126,20489.48460272874
2023-07-24,21000,21090,20180,20950,5500,ASG,-0.0023809523809523725,21384.389964045244,20491.610035954756
2023-07-25,20270,21050,20270,21050,1900,ASG,0.004773269689737569,21393.798395719405,20496.201604280595
2023-07-26,20450,21000,20450,21000,6400,ASG,-0.002375296912114022,21398.609118144257,20500.390881855743
2023-07-27,20360,20360,20360,20360,500,ASG,-0.030476190476190435,21439.55579409404,20404.44420590596
2023-07-28,20730,20860,20450,20860,400,ASG,0.024557956777996104,21439.55579409404,20404.44420590596
2023-07-31,20860,20860,20860,20860,100,ASG,0.0,21414.08774369179,20470.91225630821
2023-08-01,20410,20820,20410,20820,700,ASG,-0.0019175455417066445,21396.2908129865,20515.7091870135
2023-08-03,20730,21000,20180,20730,2700,ASG,-0.004322766570605152,21397.91462606608,20496.08537393392
2023-08-04,20550,21180,20550,21180,300,ASG,0.02170767004341534,21422.213114390648,20498.786885609352
2023-08-08,20550,20550,20500,20500,4000,ASG,-0.032105760151085905,21443.388517946438,20436.611482053562
2023-08-09,21410,21410,20500,21360,2500,ASG,0.04195121951219516,21482.196123166515,20478.803876833485
2023-08-10,20550,20910,20550,20910,2200,ASG,-0.021067415730337102,21482.76394427801,20483.23605572199
2023-08-11,20450,20820,20450,20820,800,ASG,-0.004304160688665681,21482.415667547964,20474.584332452036
2023-08-14,21910,21910,20550,20730,900,ASG,-0.004322766570605152,21462.098804582973,20449.901195417027
2023-08-15,20730,20910,20680,20910,1900,ASG,0.00868306801736618,21423.32875455748,20452.67124544252
2023-08-16,20910,20910,20450,20730,600,ASG,-0.008608321377331474,21379.226440945313,20442.773559054687
2023-08-17,20730,20730,19640,20730,1400,ASG,0.0,21327.954952670105,20440.045047329895
2023-08-18,20730,20730,20730,20730,100,ASG,0.0,21304.241942310768,20427.758057689232
2023-08-21,19910,20640,19820,20640,2100,ASG,-0.00434153400868309,21279.631860794776,20407.368139205224
2023-08-22,19910,20820,19910,20820,2200,ASG,0.008720930232558155,21264.731333122443,20404.268666877557
2023-08-23,20730,20730,20730,20730,200,ASG,-0.004322766570605152,21252.60488228441,20394.39511771559
2023-08-24,19820,20820,19820,20820,3300,ASG,0.004341534008682979,21228.346009948837,20395.653990051163
2023-08-25,20860,20910,20730,20910,900,ASG,0.004322766570605152,21217.518292275254,20397.481707724746
2023-08-28,20820,20910,20180,20820,1600,ASG,-0.004304160688665681,21185.435205354886,20475.564794645114
2023-08-30,20090,20090,20090,20090,100,ASG,-0.03506243996157543,21271.107503594252,20312.892496405748
2023-08-31,20140,20910,20140,20910,1200,ASG,0.04081632653061229,21275.518710655124,20313.481289344876
2023-09-05,20230,20730,20230,20730,2100,ASG,-0.008608321377331474,21271.66378315202,20308.33621684798
2023-09-06,20180,20820,20180,20820,400,ASG,0.004341534008682979,21275.518710655124,20313.481289344876
2023-09-07,20820,20820,20140,20820,4400,ASG,0.0,21224.262213680784,20328.737786319216
2023-09-08,20820,20860,20820,20860,600,ASG,0.0019212295869357465,21224.963703464437,20364.036296535563
2023-09-11,20230,20230,20180,20180,10900,ASG,-0.03259827420901251,21163.213689283286,20307.786310716714
2023-09-12,20090,20910,20090,20910,1800,ASG,0.036174430128840473,21163.213689283286,20307.786310716714
2023-09-14,20090,20770,19640,20770,1800,ASG,-0.006695361071257788,21159.2909804351,20306.7090195649
2023-09-15,19820,21910,19550,21910,5000,ASG,0.05488685604236876,21458.98125910727,20125.01874089273
2023-09-19,21450,21450,21450,21450,800,ASG,-0.02099497946143314,21544.09033919941,20093.90966080059
2023-09-22,19950,21270,19950,21050,2800,ASG,-0.018648018648018683,21565.62986525348,20104.37013474652
2023-09-25,21000,21000,21000,21000,100,ASG,-0.002375296912114022,21580.84622959384,20116.15377040616
2023-09-26,21360,21360,21360,21360,800,ASG,0.017142857142857126,21642.81059248041,20117.18940751959
2023-09-28,20910,20910,20910,20910,100,ASG,-0.021067415730337102,21648.358264842027,20138.641735157973
2023-09-29,20000,20860,20000,20860,1600,ASG,-0.002391200382592107,21649.780451821676,20141.219548178324
2023-10-05,20820,20820,19820,20730,2200,ASG,-0.0062320230105464836,21649.780451821676,20141.219548178324
2023-10-06,20680,20680,20680,20680,100,ASG,-0.002411963338157297,21648.033409403637,20128.966590596363
2023-10-09,19730,20640,19730,20640,1100,ASG,-0.0019342359767892114,21642.085392899848,20107.914607100152
2023-10-10,20640,20640,20640,20640,200,ASG,0.0,21639.651084146022,20092.348915853978
2023-10-11,20450,20680,20000,20680,1000,ASG,0.0019379844961240345,21589.430111755006,20201.569888244994
2023-10-17,20680,20680,20680,20680,300,ASG,0.0,21584.182833265935,20183.817166734065
2023-10-20,19550,20680,19550,20640,2500,ASG,-0.0019342359767892114,21584.722659874395,20174.277340125605
2023-10-24,20730,20730,19730,20360,1000,ASG,-0.013565891472868241,21597.10178233671,20115.89821766329
2023-10-25,20320,21320,20320,21320,6800,ASG,0.047151277013752546,21648.76201522056,20114.23798477944
2023-10-26,20180,20820,20000,20820,1300,ASG,-0.023452157598499057,21647.184179855438,20111.815820144562
2023-10-27,19910,21050,19910,20910,4300,ASG,0.004322766570605152,21613.377946310546,20218.622053689454
2023-10-31,20770,20860,20770,20860,800,ASG,-0.002391200382592107,21611.304413858434,20215.695586141566
2023-11-01,19640,20860,19640,20860,1100,ASG,0.0,21613.200690448673,20222.799309551327
2023-11-02,19820,20950,19550,20910,13800,ASG,0.0023969319271333056,21393.836476483244,20342.163523516756
2023-11-03,20770,20910,20770,20910,500,ASG,0.0,21295.088097179738,20386.911902820262
2023-11-06,19910,20820,19910,20820,4100,ASG,-0.004304160688665681,21273.368223688423,20385.631776311577
2023-11-07,20640,20730,20640,20730,400,ASG,-0.004322766570605152,21254.6980738507,20377.3019261493
2023-11-08,20730,20730,20730,20730,500,ASG,0.0,21146.13379266921,20422.86620733079
2023-11-09,20550,20550,20450,20450,2000,ASG,-0.013506994693680663,21146.06598913622,20376.93401086378
2023-11-10,20450,20450,20450,20450,500,ASG,0.0,21145.56890636864,20336.43109363136
2023-11-14,19860,21000,19820,21000,6300,ASG,0.02689486552567244,21174.427374673665,20334.572625326335
2023-11-15,19910,20730,19910,20680,500,ASG,-0.015238095238095273,21174.427374673665,20334.572625326335
2023-11-16,19820,20680,19820,20680,2300,ASG,0.0,21174.60405403478,20338.39594596522
2023-11-17,20680,20730,20640,20640,1400,ASG,-0.0019342359767892114,21174.60405403478,20338.39594596522
2023-11-22,20000,20910,20000,20910,10200,ASG,0.013081395348837122,21189.691830606567,20346.308169393433
2023-11-24,20730,20730,20730,20730,100,ASG,-0.008608321377331474,21190.665443605634,20350.334556394366
2023-11-27,20090,20450,20000,20450,1400,ASG,-0.013506994693680663,21200.677154285186,20321.322845714814
2023-11-28,20000,20450,19730,20450,4500,ASG,0.0,21190.257577919827,20340.742422080173
2023-11-29,20450,20640,19640,20450,3500,ASG,0.0,21084.303739975618,20359.696260024382
2023-12-01,20180,20450,20180,20450,2300,ASG,0.0,21081.350499536948,20325.649500463052
2023-12-04,20730,20730,19820,20360,5800,ASG,-0.004400977995110078,21069.466644075863,20282.533355924137
2023-12-05,19820,20270,19640,20270,3700,ASG,-0.004420432220039294,21067.84427728441,20225.15572271559
2023-12-06,19770,19910,19770,19820,3200,ASG,-0.022200296003946685,21136.919579292935,20052.080420707065
2023-12-07,19730,20180,19730,20180,1300,ASG,0.01816347124117046,21108.7667382843,20007.2332617157
2023-12-08,20180,20270,19640,20180,2900,ASG,0.0,21070.873279292253,19972.126720707747
2023-12-11,19730,19730,19730,19730,500,ASG,-0.022299306243805717,21097.399873096692,19836.600126903308
2023-12-12,20090,20360,19640,20050,16600,ASG,0.016218955904713672,21076.213805822237,19789.786194177763
2023-12-13,19950,19950,19860,19860,2600,ASG,-0.009476309226932655,21063.4280377016,19715.5719622984
2023-12-14,19820,19820,19820,19820,500,ASG,-0.002014098690835797,21075.177802222246,19640.822197777754
2023-12-18,18950,19820,18950,19820,1200,ASG,0.0,21079.209107159153,19573.790892840847
2023-12-20,19820,19820,19730,19730,600,ASG,-0.004540867810292615,20991.61786966855,19534.38213033145
2023-12-22,19640,19640,19000,19500,3400,ASG,-0.011657374556512945,20977.702785312507,19430.297214687493
2023-12-25,19500,19500,19410,19500,800,ASG,0.0,20944.06195003913,19345.93804996087
2023-12-26,19000,19500,18140,19500,14800,ASG,0.0,20900.221644626847,19275.778355373153
2023-12-27,19000,19590,19000,19590,1500,ASG,0.004615384615384688,20768.152799365078,19275.847200634922
2023-12-28,19090,19450,19090,19450,200,ASG,-0.007146503318019359,20669.01617421852,19246.98382578148
2023-12-29,19450,19500,19450,19500,300,ASG,0.0025706940874035134,20610.542141588878,19210.457858411122
2024-01-02,19450,19500,18450,19410,1700,ASG,-0.004615384615384577,20544.889830927255,19172.110169072745
2024-01-03,19500,19500,19500,19500,300,ASG,0.004636785162287493,20457.402351481138,19164.597648518862
2024-01-04,19090,19410,19090,19090,5700,ASG,-0.021025641025640973,20392.341204606906,19093.658795393094
2024-01-05,19050,19500,19050,19360,800,ASG,0.014143530644316504,20297.023178363503,19088.976821636497
2024-01-08,19360,19550,18860,19450,1200,ASG,0.004648760330578483,20202.76673828432,19101.23326171568
2024-01-09,19360,19450,19360,19450,800,ASG,0.0,20185.307031488683,19081.692968511317
2024-01-10,19180,19550,19180,19550,900,ASG,0.005141388174807249,20094.121936109692,19109.878063890308
2024-01-12,19550,19550,19360,19550,4900,ASG,0.0,19985.155278515,19155.844721485
2024-01-15,19550,19590,19360,19360,3500,ASG,-0.009718670076726332,19969.545207133735,19134.454792866265
2024-01-16,19360,19640,19360,19640,2000,ASG,0.01446280991735538,19884.502832850325,19178.497167149675
2024-01-17,19640,19730,19640,19730,800,ASG,0.0045824847250508505,19857.776201072666,19192.223798927334
2024-01-18,19730,19910,19730,19910,3100,ASG,0.009123162696401454,19880.069536612,19178.930463388
2024-01-19,19910,20000,19910,20000,9900,ASG,0.0045203415369161615,19925.760893972467,19151.239106027533
2024-01-22,20000,20000,19820,19820,10500,ASG,-0.009000000000000008,19941.000000000444,19144.999999999556
2024-01-23,19950,20000,19820,20000,18300,ASG,0.00908173562058523,20012.189148899826,19123.810851100174
2024-01-24,21100,21100,20500,20900,4900,ASG,0.04499999999999993,20367.125503600273,18908.874496399727
2024-01-25,20900,20950,20600,20600,3100,ASG,-0.014354066985645897,20530.140370547466,18855.859629452534
2024-01-26,20300,20900,20300,20850,1300,ASG,0.012135922330097193,20730.95435790623,18781.04564209377
2024-01-29,20850,20850,20850,20850,1400,ASG,0.0,20899.11509168418,18752.88490831582
2024-01-30,20600,20850,20450,20850,2000,ASG,0.0,21043.200395755495,18743.799604244505
2024-02-01,20400,20850,20400,20850,1700,ASG,0.0,21164.37405510351,18766.62594489649
2024-02-02,20750,20850,20750,20800,1000,ASG,-0.0023980815347721673,21261.897173945246,18799.102826054754
2024-02-05,20700,20800,20700,20800,1100,ASG,0.0,21311.247254755406,18920.752745244594
2024-02-06,20700,21000,20700,21000,13700,ASG,0.009615384615384581,21399.54234215875,18996.45765784125
2024-02-07,20300,21100,20300,21050,3200,ASG,0.0023809523809523725,21482.73399553608,19073.26600446392
2024-02-15,20600,21000,20600,21000,1100,ASG,-0.002375296912114022,21536.389071843892,19174.610928156108
2024-02-16,20600,20950,20600,20900,2200,ASG,-0.004761904761904745,21565.717812935603,19280.282187064397
2024-02-19,20600,21000,20600,21000,11300,ASG,0.004784688995215225,21590.460729889583,19400.539270110417
2024-02-20,20800,21500,20600,21500,4700,ASG,0.023809523809523725,21649.913480913972,19555.086519086028
2024-02-21,21350,21400,21000,21400,2000,ASG,-0.0046511627906976605,21694.501494022952,19686.498505977048
2024-02-22,20800,21350,20400,21300,6100,ASG,-0.004672897196261627,21703.428167383838,19834.571832616162
2024-02-23,20600,21250,20600,21250,800,ASG,-0.0023474178403756207,21704.271846831576,19967.728153168424
2024-02-26,20400,21300,20400,21250,7900,ASG,0.0,21693.96904402391,20103.03095597609
2024-02-27,21000,21200,21000,21200,1000,ASG,-0.0023529411764705577,21599.38210925798,20335.61789074202
2024-02-28,21200,21200,21200,21200,400,ASG,0.0,21484.090626272933,20570.909373727067
2024-02-29,21150,21250,21150,21250,1800,ASG,0.002358490566037652,21507.49324319422,20582.50675680578
2024-03-01,21350,21350,21250,21250,2000,ASG,0.0,21499.96301613314,20655.03698386686
2024-03-04,21300,21300,19850,21250,3300,ASG,0.0,21512.801095592473,20682.198904407527
2024-03-05,21250,21250,20300,21250,700,ASG,0.0,21521.573013204677,20713.426986795323
2024-03-06,21000,21900,21000,21900,5600,ASG,0.030588235294117583,21680.294032887225,20659.705967112775
2024-03-07,21600,21600,20800,21500,36300,ASG,-0.0182648401826484,21709.919944425033,20695.080055574967
2024-03-12,21900,22000,21800,22000,300,ASG,0.023255813953488413,21843.770160940938,20681.229839059062
2024-03-13,20750,21400,20750,21400,500,ASG,-0.027272727272727226,21835.892123609003,20749.107876390997
2024-03-14,22000,22000,22000,22000,100,ASG,0.028037383177569986,21949.35665523277,20735.64334476723
2024-03-18,22000,22000,20600,21650,2600,ASG,-0.015909090909090873,21977.871786590935,20767.128213409065
2024-03-19,21500,21500,21500,21500,200,ASG,-0.006928406466512715,21980.144831780304,20814.855168219696
2024-03-20,21800,21800,20350,21550,1000,ASG,0.0023255813953488857,21968.887743412575,20891.112256587425
2024-03-21,20600,21500,20600,21500,900,ASG,-0.002320185614849146,21956.89640365348,20953.10359634652
2024-03-22,21500,21750,20800,21350,600,ASG,-0.006976744186046546,21950.963007578808,20944.036992421192
2024-03-25,20400,21200,20400,21200,300,ASG,-0.007025761124121788,21952.160081996164,20922.839918003836
2024-03-26,22550,22550,20500,21300,500,ASG,0.004716981132075526,21952.160081996164,20922.839918003836
2024-03-27,20700,21250,20700,21250,1200,ASG,-0.0023474178403756207,21952.160081996164,20922.839918003836
2024-03-28,21200,21200,20350,21200,1500,ASG,-0.0023529411764705577,21953.748493974006,20916.251506025994
2024-03-29,20600,21150,20400,21150,6600,ASG,-0.002358490566037763,21956.212707503168,20908.787292496832
2024-04-01,20400,21000,20400,21000,2900,ASG,-0.007092198581560294,21970.65599969379,20874.34400030621
2024-04-02,20500,21000,20500,20600,500,ASG,-0.01904761904761909,22042.380257212233,20737.619742787767
2024-04-03,21200,21200,21200,21200,100,ASG,0.029126213592232997,22042.385486173192,20732.614513826808
2024-04-04,21150,21400,20450,21150,2300,ASG,-0.002358490566037763,22043.011165689346,20721.988834310654
2024-04-09,20300,21150,20300,21150,6000,ASG,0.0,22043.439186412917,20711.560813587083
2024-04-10,20300,21150,20300,21050,900,ASG,-0.004728132387706863,21969.901567174238,20700.098432825762
2024-04-11,20100,21000,20100,21000,700,ASG,-0.002375296912114022,21956.219776856375,20663.780223143625
2024-04-12,19800,21000,19800,21000,9600,ASG,0.0,21835.84720195578,20684.15279804422
2024-04-16,20000,20850,20000,20800,500,ASG,-0.00952380952380949,21835.309838017114,20624.690161982886
2024-04-19,20100,20450,20100,20450,500,ASG,-0.016826923076923128,21740.271213994278,20564.728786005722
2024-04-22,19500,20300,19500,20300,400,ASG,-0.007334963325183352,21735.461374718216,20434.538625281784
2024-04-23,19050,19050,19050,19050,3400,ASG,-0.061576354679802936,22038.081238215094,19886.918761784906
2024-04-24,19500,19900,17750,19900,4100,ASG,0.044619422572178546,22014.195750300765,19745.804249699235
2024-04-25,19900,19900,19100,19100,400,ASG,-0.04020100502512558,22096.263447079324,19423.736552920676
2024-04-26,19100,19650,19100,19650,400,ASG,0.028795811518324665,22065.503505928813,19284.496494071187
2024-05-02,19000,19450,19000,19450,1200,ASG,-0.010178117048346036,22053.063031739108,19121.936968260892
2024-05-03,19450,19900,19450,19900,700,ASG,0.023136246786632286,21973.959748843175,19061.040251156825
2024-05-08,19700,19700,19700,19700,200,ASG,-0.01005025125628145,21897.257698555863,18982.742301444137
2024-05-09,19100,19100,19100,19100,200,ASG,-0.030456852791878153,21859.17190631514,18810.82809368486
2024-05-10,19900,19900,19800,19800,700,ASG,0.03664921465968596,21760.575684618947,18774.424315381053
2024-05-13,19800,19950,19800,19950,200,ASG,0.007575757575757569,21674.82875708089,18755.17124291911
2024-05-15,19300,19950,19300,19950,400,ASG,0.0,21635.522711453727,18729.477288546273
2024-05-17,19800,19800,19800,19800,1500,ASG,-0.007518796992481258,21495.928711571483,18729.071288428517
2024-05-20,20300,20300,19000,19000,400,ASG,-0.04040404040404044,21383.36860091934,18626.63139908066
2024-05-21,19600,19950,19550,19950,4100,ASG,0.050000000000000044,21219.32334986076,18670.67665013924
2024-05-22,20000,20000,19900,20000,1500,ASG,0.0025062656641603454,21062.660245436644,18722.339754563356
2024-05-23,19500,20000,19500,19950,400,ASG,-0.0024999999999999467,20895.272476661998,18784.727523338002
2024-05-24,19900,19900,19900,19900,100,ASG,-0.0025062656641604564,20697.743118297996,18872.256881702004
2024-05-27,20000,20000,20000,20000,100,ASG,0.005025125628140614,20538.662396740798,18951.337603259202
2024-05-29,19300,20000,19300,20000,500,ASG,0.0,20458.34984881452,18986.65015118548
2024-05-30,19300,20000,19300,20000,1500,ASG,0.0,20406.98195116125,19008.01804883875
2024-06-03,19300,19800,19100,19600,1900,ASG,-0.020000000000000018,20369.11355449978,19100.88644550022
2024-06-04,19900,19900,19100,19900,300,ASG,0.015306122448979664,20369.11355449978,19100.88644550022
2024-06-05,19650,19650,19650,19650,5600,ASG,-0.012562814070351758,20328.074928723287,19196.925071276713
2024-06-06,19650,19800,19500,19650,1800,ASG,0.0,20328.074928723287,19196.925071276713
2024-06-07,19650,19800,19650,19800,35100,ASG,0.007633587786259444,20327.174560812495,19232.825439187505
2024-06-10,19900,19900,19850,19850,1600,ASG,0.002525252525252597,20322.9126877882,19232.0873122118
2024-06-11,20000,20000,19850,19900,3300,ASG,0.0025188916876575096,20334.194613107124,19240.805386892876
2024-06-12,19500,19900,19500,19900,300,ASG,0.0,20275.244346698368,19379.755653301632
2024-06-13,19000,19900,19000,19900,500,ASG,0.0,20281.13682416889,19383.86317583111
2024-06-14,19300,19500,19300,19500,3300,ASG,-0.02010050251256279,20277.54678910281,19342.45321089719
2024-06-17,19100,19900,18700,19700,3600,ASG,0.01025641025641022,20262.768739547744,19332.231260452256
2024-06-18,19700,19700,19500,19600,1100,ASG,-0.005076142131979711,20260.654308867994,19314.345691132006
2024-06-19,19600,19600,19500,19600,500,ASG,0.0,20138.864279284968,19496.135720715032
2024-06-20,20900,20900,19300,19900,2600,ASG,0.015306122448979664,20132.96226191224,19497.03773808776
2024-06-21,19300,19800,19300,19800,2200,ASG,-0.005025125628140725,20111.431068921458,19498.568931078542
2024-06-24,19200,19800,19200,19800,1400,ASG,0.0,20096.623720223502,19498.376279776498
2024-06-25,19800,20800,19800,20800,600,ASG,0.05050505050505061,20371.910049017155,19313.089950982845
2024-06-26,19450,20750,19400,19400,4300,ASG,-0.06730769230769229,20370.06165578378,19254.93834421622
2024-06-27,19450,19450,19400,19400,300,ASG,0.0,20360.66520130526,19204.33479869474
2024-06-28,19400,19400,19400,19400,1100,ASG,0.0,20344.509290467937,19160.490709532063
2024-07-01,19400,19800,19000,19800,12800,ASG,0.020618556701030855,20350.61138400846,19174.38861599154
2024-07-02,19800,19800,19800,19800,300,ASG,0.0,20342.54273348222,19172.45726651778
2024-07-03,19800,19800,19800,19800,500,ASG,0.0,20348.18093247323,19181.81906752677
2024-07-04,18800,20200,18800,20200,1100,ASG,0.02020202020202011,20402.643425761802,19182.356574238198
2024-07-05,19400,19950,19100,19950,6200,ASG,-0.012376237623762387,20414.003257320634,19185.996742679366
2024-07-08,19950,19950,19200,19950,900,ASG,0.0,20422.17096496866,19187.82903503134
2024-07-09,19300,19850,19300,19600,400,ASG,-0.01754385964912286,20411.77166226867,19168.22833773133
2024-07-10,19200,19550,19200,19550,200,ASG,-0.0025510204081632404,20400.57244805066,19144.42755194934
2024-07-11,19100,19550,19100,19550,2200,ASG,0.0,20387.37647015077,19122.62352984923
2024-07-12,19500,19500,19500,19500,100,ASG,-0.002557544757033292,20387.37647015077,19122.62352984923
2024-07-15,19500,19500,19500,19500,100,ASG,0.0,20386.794359589076,19103.205640410924
2024-07-16,20600,20600,19200,19750,5900,ASG,0.012820512820512775,20390.83768492887,19114.16231507113
2024-07-17,19150,19600,19150,19600,1300,ASG,-0.0075949367088608,20390.83768492887,19114.16231507113
2024-07-18,19500,19500,19500,19500,100,ASG,-0.005102040816326481,20376.141981228968,19088.858018771032
2024-07-22,18900,19500,18900,19100,700,ASG,-0.02051282051282055,20396.409865433558,18998.590134566442
2024-07-23,19100,19100,19100,19100,600,ASG,0.0,20406.05564687544,18918.94435312456
2024-07-24,19450,19450,19450,19450,100,ASG,0.018324607329842868,20128.760245803634,19061.239754196366
2024-07-25,19100,19450,19050,19450,10400,ASG,0.0,20128.042175515155,19066.957824484845
2024-07-26,19450,19450,19450,19450,100,ASG,0.0,20127.2570530589,19072.7429469411
2024-07-29,19500,19500,19500,19500,100,ASG,0.0025706940874035134,20126.44031297969,19083.55968702031
2024-07-31,19100,19600,19100,19600,9400,ASG,0.00512820512820511,20108.711981562,19081.288018438
2024-08-02,19600,19600,19600,19600,100,ASG,0.0,20090.074251967326,19079.925748032674
2024-08-05,19150,19150,19150,19150,1500,ASG,-0.022959183673469385,20081.153951087435,19023.846048912565
2024-08-06,19350,19350,19350,19350,100,ASG,0.010443864229765065,19953.39598554831,19066.60401445169
2024-08-07,19500,19500,19500,19500,100,ASG,0.007751937984496138,19882.310080925447,19092.689919074553
2024-08-09,19100,19600,19100,19600,9900,ASG,0.00512820512820511,19808.230690506283,19131.769309493717
2024-08-13,19350,19600,19350,19600,200,ASG,0.0,19808.230690506283,19131.769309493717
2024-08-14,19100,19600,19000,19600,1300,ASG,0.0,19813.784338932157,19131.215661067843
2024-08-16,19100,19450,19000,19450,7600,ASG,-0.007653061224489832,19807.021722427828,19127.978277572172
2024-08-19,19500,19500,19450,19450,200,ASG,0.0,19804.263909074274,19125.736090925726
2024-08-20,19450,19450,19100,19100,400,ASG,-0.01799485861182515,19819.03208418578,19070.96791581422
2024-08-21,19100,19150,18700,19100,10400,ASG,0.0,19787.833185317206,19037.166814682794
2024-08-22,19050,19150,19050,19150,1000,ASG,0.002617801047120505,19771.57568056725,19008.42431943275
2024-08-23,19500,19500,19000,19150,600,ASG,0.0,19764.25885439944,18980.74114560056
2024-08-26,19000,19150,19000,19150,200,ASG,0.0,19760.35697736042,18989.64302263958
2024-08-27,19150,19150,19100,19100,1100,ASG,-0.0026109660574412663,19760.35697736042,18989.64302263958
2024-08-28,19150,19350,19150,19350,600,ASG,0.01308900523560208,19753.92707640952,18986.07292359048
2024-08-29,19350,19350,19350,19350,100,ASG,0.0,19747.2302970728,18982.7697029272
2024-08-30,19350,19350,19100,19300,1300,ASG,-0.0025839793281653423,19738.649576938453,18976.350423061547
2024-09-04,19100,19250,19000,19250,700,ASG,-0.002590673575129543,19723.021163429195,18966.978836570805
2024-09-05,19400,19400,19250,19250,700,ASG,0.0,19688.71323342364,18966.28676657636
2024-09-06,19600,19600,19600,19600,300,ASG,0.018181818181818077,19688.71323342364,18966.28676657636
2024-09-09,19350,19350,19350,19350,100,ASG,-0.012755102040816313,19689.458804408077,18985.541195591923
2024-09-11,19300,19300,19300,19300,100,ASG,-0.0025839793281653423,19687.278299076686,18982.721700923314
2024-09-12,19100,19100,19100,19100,100,ASG,-0.010362694300518172,19672.910603363973,18957.089396636027
2024-09-13,19200,19200,19200,19200,100,ASG,0.005235602094240788,19631.00595232877,18958.99404767123
2024-09-16,19050,19150,19000,19150,1300,ASG,-0.0026041666666666297,19583.104249810534,18961.895750189466
2024-09-17,19000,19300,18900,19300,4100,ASG,0.007832898172323688,19530.034401498902,18984.965598501098
2024-09-18,19150,19150,18850,19150,3200,ASG,-0.007772020725388629,19503.79485260978,18981.20514739022
2024-09-19,19250,19250,19250,19250,100,ASG,0.005221932114882533,19475.964576479546,18989.035423520454
2024-09-20,19150,19150,19100,19100,200,ASG,-0.007792207792207795,19475.964576479546,18989.035423520454
2024-09-23,19100,19100,19050,19050,200,ASG,-0.002617801047120394,19479.799919936668,18980.200080063332
2024-09-24,19100,19100,18650,19050,7000,ASG,0.0,19484.807621136035,18965.192378863965
2024-09-25,19100,19100,18800,19100,2100,ASG,0.002624671916010568,19486.081107062637,18958.918892937363
2024-09-26,18850,19050,18850,19000,800,ASG,-0.005235602094240788,19494.463772250296,18935.536227749704
2024-09-27,19000,19000,18900,18900,200,ASG,-0.0052631578947368585,19513.05843601558,18896.94156398442
2024-09-30,19000,19000,17800,19000,6100,ASG,0.005291005291005346,19500.3498042198,18874.6501957802
2024-10-01,19000,19000,19000,19000,100,ASG,0.0,19483.687742827748,18856.312257172252
2024-10-02,19200,19200,18400,19000,3400,ASG,0.0,19471.069612586165,18838.930387413835
2024-10-03,19000,19000,18950,19000,400,ASG,0.0,19462.304627859525,18822.695372140475
2024-10-04,19050,19050,19000,19000,500,ASG,0.0,19451.558703816845,18808.441296183155
2024-10-07,19000,19000,19000,19000,100,ASG,0.0,19342.899156030584,18857.100843969416
2024-10-08,19000,19000,18850,19000,500,ASG,0.0,19299.92814905244,18865.07185094756
2024-10-09,19000,19250,18950,19250,900,ASG,0.013157894736842035,19288.326666560883,18871.673333439117
2024-10-10,19050,19200,19050,19200,300,ASG,-0.0025974025974025983,19299.7091055367,18870.2908944633
2024-10-11,18950,19000,18550,19000,1600,ASG,-0.01041666666666663,19285.950231098166,18864.049768901834
2024-10-14,19150,19150,18650,19000,6700,ASG,0.0,19277.91625412589,18857.08374587411
2024-10-15,18850,19050,18250,19000,2500,ASG,0.0,19235.461744636334,18869.538255363666
2024-10-16,18950,18950,18950,18950,300,ASG,-0.0026315789473684292,19224.914363470565,18860.085636529435
2024-10-17,18850,19000,18850,19000,600,ASG,0.0026385224274405594,19186.20499351932,18873.79500648068
2024-10-18,19000,19000,18850,19000,800,ASG,0.0,19178.297097168772,18871.702902831228
2024-10-21,19000,19000,19000,19000,100,ASG,0.0,19175.71553446166,18869.28446553834
2024-10-23,19150,19150,19150,19150,100,ASG,0.007894736842105177,19190.21140095387,18864.78859904613
2024-10-24,19100,19100,18750,18800,700,ASG,-0.018276762402088753,19199.248493970827,18825.751506029173
2024-10-25,18950,18950,18800,18950,1000,ASG,0.007978723404255428,19198.679622642117,18821.320377357883
2024-10-28,19000,19000,18850,18850,600,ASG,-0.00527704485488123,19203.13997546609,18811.86002453391
2024-10-29,19100,19100,18850,19050,600,ASG,0.010610079575596787,19206.46882704483,18813.53117295517
2024-10-30,19050,19050,19050,19050,100,ASG,0.0,19209.667441532245,18815.332558467755
2024-10-31,18950,18950,18950,18950,100,ASG,-0.005249343832021025,19208.997487422257,18811.002512577743
2024-11-01,19150,19150,18850,19050,400,ASG,0.005277044854881341,19212.18725547809,18812.81274452191
2024-11-04,19050,19050,18850,19000,600,ASG,-0.002624671916010457,19212.18725547809,18812.81274452191
2024-11-05,19000,19000,18850,18850,400,ASG,-0.007894736842105288,19216.89620100505,18793.10379899495
2024-11-06,19000,19000,18750,18950,300,ASG,0.0053050397877985045,19215.748681122233,18789.251318877767
2024-11-07,18900,19000,18600,18900,6100,ASG,-0.0026385224274406704,19169.661853127203,18800.338146872797
2024-11-08,18750,18750,18750,18750,300,ASG,-0.007936507936507908,19146.551623194075,18778.448376805925
2024-11-11,18950,18950,18750,18750,400,ASG,0.0,19154.939015320102,18745.060984679898
2024-11-12,18950,18950,18950,18950,100,ASG,0.010666666666666602,19151.15411854508,18743.84588145492
2024-11-13,18850,18850,18850,18850,200,ASG,-0.00527704485488123,19146.39767440641,18733.60232559359
2024-11-14,19050,19050,18450,18800,2000,ASG,-0.0026525198938992522,19147.61624764386,18717.38375235614
2024-11-15,19050,19050,18650,18850,500,ASG,0.0026595744680850686,19140.638586529345,18709.361413470655
2024-11-18,18800,18850,18450,18850,1300,ASG,0.0,19132.616247643862,18702.383752356138
2024-11-19,18900,18900,18450,18800,5000,ASG,-0.0026525198938992522,19124.92814905245,18690.07185094755
2024-11-20,18950,18950,18500,18650,2700,ASG,-0.007978723404255317,19097.616247643862,18667.383752356138
2024-11-21,18650,18850,18650,18850,900,ASG,0.01072386058981234,19097.36760581684,18672.63239418316
2024-11-22,18800,18850,18650,18700,1100,ASG,-0.007957559681697646,19097.166419387446,18647.833580612554
2024-11-25,18850,18850,18650,18650,300,ASG,-0.002673796791443861,19107.193686065613,18617.806313934387
2024-11-26,18850,18850,18450,18500,4300,ASG,-0.008042895442359255,19110.86228448336,18559.13771551664
2024-11-27,18550,18950,18500,18750,3100,ASG,0.013513513513513598,19079.61509971567,18560.38490028433
2024-11-28,18650,18750,18550,18750,1300,ASG,0.0,19064.165300543522,18555.834699456478
2024-11-29,18650,18750,18550,18750,2200,ASG,0.0,19025.000000000822,18564.999999999178
2024-12-02,18700,18700,18550,18700,2100,ASG,-0.002666666666666706,18993.072757527516,18566.927242472484
2024-12-03,18550,18550,18550,18550,300,ASG,-0.008021390374331583,18997.594066993075,18532.405933006925
2024-12-04,18550,18550,18550,18550,400,ASG,0.0,18979.30749027801,18510.69250972199
2024-12-05,18650,18700,18650,18650,700,ASG,0.005390835579514919,18958.939837485326,18506.060162514674
2024-12-06,18650,18650,18550,18550,200,ASG,-0.00536193029490617,18962.23944189553,18482.76055810447
2024-12-10,18850,18850,18650,18650,1100,ASG,0.005390835579514919,18958.902154092255,18476.097845907745
2024-12-11,18600,18650,18600,18650,1100,ASG,0.0,18920.387585695884,18484.612414304116
